Season,Club,Opponent,Matchday,Date,Minute,Added_Time,Scorer,Situation,Body_Part,Shot_X_Pct,Shot_Y_Pct,Goal_Mouth
2025/26,Hertha BSC,FC Schalke 04,1,2025-08-01,23,,Nikola Katić,corner,head,5.4,53.2,low-left
2025/26,Hertha BSC,FC Schalke 04,1,2025-08-01,16,,Moussa Sylla,assisted,right-foot,11.1,56.6,low-left
2025/26,1. FC Nürnberg,SV 07 Elversberg,1,2025-08-02,90,,Maximilian Rohr,corner,head,5.1,46.4,low-right
2025/26,Holstein Kiel,SC Paderborn 07,1,2025-08-02,90,9,Filip Bilbija,fast-break,left-foot,13,58.4,low-left
2025/26,Holstein Kiel,SC Paderborn 07,1,2025-08-02,29,,Marcel Hoffmeier,corner,right-foot,23.1,54.2,low-left
2025/26,Karlsruher SC,Preußen Münster,1,2025-08-02,80,,Lars Lokotsch,assisted,right-foot,13,36.4,low-centre
2025/26,Karlsruher SC,Preußen Münster,1,2025-08-02,32,,Etienne Amenyido,assisted,right-foot,7.1,39.7,high-right
2025/26,VfL Bochum,Darmstadt 98,1,2025-08-02,56,,Aleksandar Vukotić,corner,head,11.4,58.1,high-left
2025/26,VfL Bochum,Darmstadt 98,1,2025-08-02,47,,Isac Lidberg,corner,right-foot,3.3,50.9,low-centre
2025/26,VfL Bochum,Darmstadt 98,1,2025-08-02,45,1,Isac Lidberg,regular,left-foot,9.1,43.4,high-centre
2025/26,SV Darmstadt 98,VfL Bochum 1848,1,2025-08-02,34,,Moritz Broschinski,fast-break,right-foot,12.8,38.7,low-right
2025/26,VfL Bochum,Darmstadt 98,1,2025-08-02,5,,Isac Lidberg,assisted,right-foot,10,66.6,high-right
2025/26,DSC Arminia Bielefeld,Fortuna Düsseldorf,1,2025-08-02,35,,Cédric Itten,fast-break,left-foot,9.4,60.7,high-centre
2025/26,1. FC Magdeburg,Eintracht Braunschweig,1,2025-08-03,82,,Mehmet Aydın,fast-break,right-foot,28.4,48.5,low-right
2025/26,SpVgg Greuther Fürth,SG Dynamo Dresden,1,2025-08-03,74,,Claudio Kammerknecht,throw-in-set-piece,right-foot,21.6,67.5,low-right
2025/26,Dynamo Dresden,SpVgg Greuther Fürth,1,2025-08-03,51,,Noel Futkeu,fast-break,right-foot,7.4,48.7,low-right
2025/26,SpVgg Greuther Fürth,SG Dynamo Dresden,1,2025-08-03,11,,Christoph Daferner,assisted,head,9.9,58.7,low-right
2025/26,Dynamo Dresden,SpVgg Greuther Fürth,1,2025-08-03,9,,Felix Klaus,assisted,head,13.2,49.5,high-left
2025/26,Dynamo Dresden,SpVgg Greuther Fürth,1,2025-08-03,1,,Noel Futkeu,assisted,head,2.1,53,low-right
2025/26,1. FC Kaiserslautern,Hannover 96,1,2025-08-03,74,,Noël Aséko,assisted,right-foot,10.5,63.2,low-left
2025/26,1. FC Nürnberg,Darmstadt 98,2,2025-08-08,90,4,Killian Corredor,fast-break,right-foot,12.2,43,low-right
2025/26,Dynamo Dresden,1. FC Magdeburg,2,2025-08-09,45,1,Martijn Kaars,regular,right-foot,5.5,52.6,low-centre
2025/26,1. FC Magdeburg,SG Dynamo Dresden,2,2025-08-09,44,,Christoph Daferner,regular,left-foot,3.2,52.3,low-right
2025/26,Dynamo Dresden,1. FC Magdeburg,2,2025-08-09,28,,Jean Hugonet,corner,head,5.1,45.6,low-centre
2025/26,SpVgg Greuther Fürth,Eintracht Braunschweig,2,2025-08-09,90,6,Sebastian Polter,penalty,right-foot,11.5,50,low-right
2025/26,Eintracht Braunschweig,SpVgg Greuther Fürth,2,2025-08-09,88,,Felix Higl,assisted,head,8.8,48.5,high-left
2025/26,SpVgg Greuther Fürth,Eintracht Braunschweig,2,2025-08-09,35,,Erencan Yardımcı,assisted,right-foot,11.9,58.3,low-left
2025/26,SpVgg Greuther Fürth,Eintracht Braunschweig,2,2025-08-09,32,,Lukas Frenkert,corner,left-foot,6.3,48.3,low-centre
2025/26,Eintracht Braunschweig,SpVgg Greuther Fürth,2,2025-08-09,15,,Felix Klaus,fast-break,right-foot,7.9,57.3,low-left
2025/26,Holstein Kiel,Arminia Bielefeld,2,2025-08-10,45,,Tim Handwerker,free-kick,left-foot,24.6,60.3,high-right
2025/26,Holstein Kiel,Arminia Bielefeld,2,2025-08-10,22,,Noah Sarenren Bazee,throw-in-set-piece,left-foot,7.3,53.8,low-centre
2025/26,1. FC Kaiserslautern,SV 07 Elversberg,3,2025-08-22,90,2,Frederik Schmahl,corner,right-foot,0.8,52.3,low-centre
2025/26,1. FC Kaiserslautern,SV 07 Elversberg,3,2025-08-22,43,,Luca Schnellbacher,assisted,right-foot,8.2,56.2,low-left
2025/26,1. FC Nürnberg,Preußen Münster,3,2025-08-22,43,,Marvin Schulz,assisted,right-foot,6.9,63.2,low-left
2025/26,1. FC Nürnberg,Preußen Münster,3,2025-08-22,32,,Oliver Batista Meier,fast-break,right-foot,13.2,37.6,low-left
2025/26,1. FC Magdeburg,Hannover 96,3,2025-08-23,90,3,Benjamin Källman,assisted,right-foot,5.8,49.3,low-right
2025/26,Hannover 96,1. FC Magdeburg,3,2025-08-23,63,,Martijn Kaars,set-piece,left-foot,8.8,47.2,low-right
2025/26,1. FC Magdeburg,Hannover 96,3,2025-08-23,43,,Ime Okon,corner,other,5.4,51.2,low-left
2025/26,1. FC Magdeburg,Hannover 96,3,2025-08-23,17,,Hayate Matsuda,fast-break,left-foot,7.6,49.7,low-left
2025/26,Eintracht Braunschweig,Karlsruher SC,3,2025-08-23,57,,Fabian Schleusener,set-piece,right-foot,5.4,53.4,low-centre
2025/26,Eintracht Braunschweig,Karlsruher SC,3,2025-08-23,16,,Roko Šimić,assisted,right-foot,9.4,55,low-left
2025/26,VfL Bochum,FC Schalke 04,3,2025-08-23,79,,Bryan Lasme,assisted,right-foot,12.8,39.1,low-left
2025/26,VfL Bochum,FC Schalke 04,3,2025-08-23,76,,Hasan Kuruçay,corner,left-foot,9.8,47.9,low-right
2025/26,SpVgg Greuther Fürth,Holstein Kiel,3,2025-08-24,90,5,John Tolkin,fast-break,left-foot,12.2,41.9,low-left
2025/26,SpVgg Greuther Fürth,Holstein Kiel,3,2025-08-24,31,,Jonas Therkelsen,fast-break,right-foot,4.6,48.3,low-centre
2025/26,DSC Arminia Bielefeld,SG Dynamo Dresden,3,2025-08-24,90,10,Luca Herrmann,assisted,right-foot,10.2,55.2,low-left
2025/26,Dynamo Dresden,Arminia Bielefeld,3,2025-08-24,57,,Joel Grodowski,assisted,right-foot,8.2,41.3,low-left
2025/26,DSC Arminia Bielefeld,SG Dynamo Dresden,3,2025-08-24,21,,Niklas Hauptmann,regular,left-foot,14.1,38.6,low-right
2025/26,Hertha BSC,SV 07 Elversberg,4,2025-08-29,59,,Younes Ebnoutalib,fast-break,right-foot,9.7,51.9,high-left
2025/26,Hertha BSC,SV 07 Elversberg,4,2025-08-29,5,,Younes Ebnoutalib,assisted,right-foot,2.1,61.5,low-right
2025/26,Holstein Kiel,Hannover 96,4,2025-08-30,69,,Benjamin Källman,set-piece,head,10.9,46.2,low-right
2025/26,Holstein Kiel,Hannover 96,4,2025-08-30,62,,Virgil Ghiță,corner,head,6.7,48.1,low-right
2025/26,Hannover 96,Holstein Kiel,4,2025-08-30,21,,Phil Harres,assisted,right-foot,6.4,46.4,low-right
2025/26,VfL Bochum,Preußen Münster,4,2025-08-30,49,,Joshua Mees,assisted,right-foot,29.4,44.4,low-left
2025/26,VfL Bochum,Preußen Münster,4,2025-08-30,27,,Joshua Mees,assisted,right-foot,14.1,40.3,high-right
2025/26,Eintracht Braunschweig,Arminia Bielefeld,4,2025-08-30,89,,Isaiah Young,throw-in-set-piece,right-foot,3.3,50.7,low-left
2025/26,DSC Arminia Bielefeld,Eintracht Braunschweig,4,2025-08-30,64,,Christian Conteh,fast-break,left-foot,6.8,47,low-left
2025/26,1. FC Magdeburg,SpVgg Greuther Fürth,4,2025-08-31,90,8,Marco John,assisted,left-foot,15.8,42.5,low-right
2025/26,SpVgg Greuther Fürth,1. FC Magdeburg,4,2025-08-31,90,3,Noah Pesch,regular,head,8.5,44.8,high-centre
2025/26,SpVgg Greuther Fürth,1. FC Magdeburg,4,2025-08-31,83,,Rayan Ghrieb,assisted,left-foot,20.6,64.2,high-left
2025/26,1. FC Magdeburg,SpVgg Greuther Fürth,4,2025-08-31,76,,Felix Klaus,fast-break,right-foot,10.7,54.2,high-centre
2025/26,1. FC Magdeburg,SpVgg Greuther Fürth,4,2025-08-31,69,,Noel Futkeu,set-piece,left-foot,12.6,42.7,high-right
2025/26,SpVgg Greuther Fürth,1. FC Magdeburg,4,2025-08-31,64,,Alexander Ahl Holmström,assisted,left-foot,7.1,48.9,low-right
2025/26,1. FC Magdeburg,SpVgg Greuther Fürth,4,2025-08-31,62,,Felix Klaus,regular,right-foot,2.9,67.7,low-right
2025/26,SpVgg Greuther Fürth,1. FC Magdeburg,4,2025-08-31,28,,Alexander Ahl Holmström,assisted,right-foot,11.1,53.2,low-right
2025/26,1. FC Magdeburg,SpVgg Greuther Fürth,4,2025-08-31,24,,Noel Futkeu,assisted,right-foot,11,53.6,low-left
2025/26,SV Darmstadt 98,1. FC Kaiserslautern,4,2025-08-31,90,7,Tobias Raschl,assisted,right-foot,17.8,41.7,low-left
2025/26,SV Darmstadt 98,1. FC Kaiserslautern,4,2025-08-31,90,1,Faride Alidou,assisted,head,7.6,53.3,high-right
2025/26,SV Darmstadt 98,1. FC Kaiserslautern,4,2025-08-31,84,,Naatan Skyttä,assisted,left-foot,10.7,53.8,high-centre
2025/26,1. FC Kaiserslautern,Darmstadt 98,4,2025-08-31,62,,Isac Lidberg,assisted,right-foot,2.4,44,low-left
2025/26,Dynamo Dresden,FC Schalke 04,4,2025-08-31,84,,Kenan Karaman,penalty,right-foot,11.5,50,low-left
2025/26,VfL Bochum,SC Paderborn 07,5,2025-09-12,90,,Lucas Copado,fast-break,left-foot,6.9,51.3,low-centre
2025/26,1. FC Magdeburg,Arminia Bielefeld,5,2025-09-12,62,,Joel Grodowski,assisted,right-foot,5.2,67.5,low-centre
2025/26,1. FC Magdeburg,Arminia Bielefeld,5,2025-09-12,52,,Mael Corboz,set-piece,head,3.5,45.6,high-left
2025/26,1. FC Nürnberg,Karlsruher SC,5,2025-09-13,75,,Marvin Wanitzek,regular,right-foot,15,47.5,low-left
2025/26,Karlsruher SC,1. FC Nürnberg,5,2025-09-13,45,4,Henri Koudossou,corner,right-foot,27.7,49.3,high-left
2025/26,1. FC Nürnberg,Karlsruher SC,5,2025-09-13,44,,Fabian Schleusener,assisted,left-foot,9.4,51.1,high-centre
2025/26,Eintracht Braunschweig,Darmstadt 98,5,2025-09-13,86,,Matej Maglica,free-kick,left-foot,18.8,53.9,low-centre
2025/26,Eintracht Braunschweig,Darmstadt 98,5,2025-09-13,62,,Isac Lidberg,assisted,left-foot,7.3,49.4,low-left
2025/26,SV Darmstadt 98,Eintracht Braunschweig,5,2025-09-13,21,,Mehmet Aydın,assisted,left-foot,26.5,60.5,low-right
2025/26,Hannover 96,Hertha BSC,5,2025-09-13,90,2,Jan Luca Schuler,assisted,right-foot,10.4,57.9,low-left
2025/26,Hannover 96,Hertha BSC,5,2025-09-13,68,,Dawid Kownacki,assisted,head,8.2,50.7,low-centre
2025/26,Hannover 96,Hertha BSC,5,2025-09-13,51,,Marten Winkler,assisted,left-foot,12.2,41.7,low-left
2025/26,Dynamo Dresden,SV 07 Elversberg,5,2025-09-14,90,2,Younes Ebnoutalib,assisted,right-foot,5.1,49.4,low-left
2025/26,Dynamo Dresden,SV 07 Elversberg,5,2025-09-14,9,,Younes Ebnoutalib,set-piece,head,4.6,53.2,low-left
2025/26,SpVgg Greuther Fürth,1. FC Kaiserslautern,5,2025-09-14,64,,Ivan Prtajin,assisted,left-foot,4.3,46.8,low-right
2025/26,SpVgg Greuther Fürth,1. FC Kaiserslautern,5,2025-09-14,58,,Ivan Prtajin,assisted,head,6.8,44.1,high-left
2025/26,SpVgg Greuther Fürth,1. FC Kaiserslautern,5,2025-09-14,33,,Naatan Skyttä,assisted,left-foot,4,47.4,low-left
2025/26,1. FC Kaiserslautern,Preußen Münster,6,2025-09-19,50,,Oscar Vilhelmsson,fast-break,left-foot,8,45.2,low-centre
2025/26,DSC Arminia Bielefeld,SpVgg Greuther Fürth,6,2025-09-19,90,4,Felix Klaus,fast-break,right-foot,10.8,66,high-centre
2025/26,DSC Arminia Bielefeld,SpVgg Greuther Fürth,6,2025-09-19,80,,Marco John,set-piece,left-foot,26,20.3,low-right
2025/26,SpVgg Greuther Fürth,Arminia Bielefeld,6,2025-09-19,50,,Marius Wörl,assisted,right-foot,15.8,37.8,low-left
2025/26,DSC Arminia Bielefeld,SpVgg Greuther Fürth,6,2025-09-19,25,,Noel Futkeu,assisted,right-foot,13.2,52.6,low-left
2025/26,1. FC Magdeburg,FC Schalke 04,6,2025-09-20,56,,Kenan Karaman,penalty,right-foot,11.5,50,high-centre
2025/26,1. FC Magdeburg,FC Schalke 04,6,2025-09-20,10,,Kenan Karaman,assisted,right-foot,18.8,44.4,low-right
2025/26,Eintracht Braunschweig,SV 07 Elversberg,6,2025-09-20,86,,Frederik Schmahl,fast-break,right-foot,8,51.3,low-centre
2025/26,Eintracht Braunschweig,SV 07 Elversberg,6,2025-09-20,79,,Younes Ebnoutalib,assisted,right-foot,12.6,52.8,high-right
2025/26,Eintracht Braunschweig,SV 07 Elversberg,6,2025-09-20,34,,Jan Gyamerah,throw-in-set-piece,left-foot,15,43.6,low-right
2025/26,Eintracht Braunschweig,SV 07 Elversberg,6,2025-09-20,12,,Younes Ebnoutalib,assisted,right-foot,7.3,51.9,low-left
2025/26,Hertha BSC,SC Paderborn 07,6,2025-09-20,58,,Filip Bilbija,penalty,right-foot,11.5,50,high-left
2025/26,Hertha BSC,SC Paderborn 07,6,2025-09-20,38,,Filip Bilbija,regular,left-foot,15.6,54,low-left
2025/26,VfL Bochum,1. FC Nürnberg,6,2025-09-20,90,2,Adriano Grimaldi,set-piece,head,4.2,51.3,low-right
2025/26,1. FC Nürnberg,VfL Bochum 1848,6,2025-09-20,86,,Ibrahim Sissoko,penalty,right-foot,11.5,50,low-left
2025/26,VfL Bochum,1. FC Nürnberg,6,2025-09-20,68,,Julian Justvan,assisted,left-foot,14.2,58.3,high-left
2025/26,Karlsruher SC,Holstein Kiel,6,2025-09-21,71,,Phil Harres,assisted,right-foot,13.2,63.3,low-right
2025/26,Karlsruher SC,Holstein Kiel,6,2025-09-21,35,,David Zec,corner,head,10.3,51.6,low-right
2025/26,Karlsruher SC,Holstein Kiel,6,2025-09-21,25,,Adrián Kaprálik,assisted,right-foot,4.3,66,high-right
2025/26,Dynamo Dresden,Hannover 96,6,2025-09-21,43,,Noël Aséko,assisted,left-foot,15.6,55.6,high-right
2025/26,Hannover 96,SG Dynamo Dresden,6,2025-09-21,41,,Nils Fröling,corner,left-foot,3.8,51.9,high-centre
2025/26,Hannover 96,SG Dynamo Dresden,6,2025-09-21,35,,Virgil Ghiță,regular,head,8.3,54.2,low-right
2025/26,Dynamo Dresden,Hannover 96,6,2025-09-21,11,,Benedikt Pichler,penalty,right-foot,11.5,50,high-centre
2025/26,Dynamo Dresden,Darmstadt 98,7,2025-09-26,48,,Fraser Hornby,assisted,left-foot,15.1,42.4,low-centre
2025/26,Dynamo Dresden,Darmstadt 98,7,2025-09-26,37,,Isac Lidberg,fast-break,right-foot,13.8,62.4,low-centre
2025/26,SpVgg Greuther Fürth,FC Schalke 04,7,2025-09-26,77,,Finn Porath,regular,right-foot,2.4,65.6,high-centre
2025/26,Holstein Kiel,SV 07 Elversberg,7,2025-09-27,90,5,Otto Stange,penalty,right-foot,11.5,50,low-right
2025/26,1. FC Kaiserslautern,SC Paderborn 07,7,2025-09-27,53,,Laurin Curda,assisted,right-foot,4.2,48.1,low-centre
2025/26,1. FC Kaiserslautern,SC Paderborn 07,7,2025-09-27,50,,Filip Bilbija,assisted,right-foot,2.6,51.7,high-centre
2025/26,1. FC Magdeburg,Karlsruher SC,7,2025-09-27,84,,Christoph Kobald,set-piece,head,8.1,47,high-left
2025/26,VfL Bochum,Fortuna Düsseldorf,7,2025-09-27,4,,Tim Oberdorf,set-piece,right-foot,7.1,45.2,high-centre
2025/26,DSC Arminia Bielefeld,Hannover 96,7,2025-09-28,90,1,Boris Tomiak,penalty,right-foot,11.5,50,low-left
2025/26,DSC Arminia Bielefeld,Hannover 96,7,2025-09-28,55,,Hayate Matsuda,regular,left-foot,9.9,49.1,low-left
2025/26,DSC Arminia Bielefeld,Hannover 96,7,2025-09-28,53,,Husseyn Chakroun,fast-break,right-foot,14.4,53.4,low-right
2025/26,Hannover 96,Arminia Bielefeld,7,2025-09-28,35,,Joel Felix,throw-in-set-piece,head,6.7,49.7,low-centre
2025/26,1. FC Nürnberg,Hertha BSC,7,2025-09-28,85,,Dawid Kownacki,assisted,right-foot,13,67.5,low-left
2025/26,1. FC Nürnberg,Hertha BSC,7,2025-09-28,41,,Michaël Cuisance,regular,left-foot,8.2,48.9,low-right
2025/26,1. FC Nürnberg,Hertha BSC,7,2025-09-28,2,,Marten Winkler,assisted,head,8,60.3,high-right
2025/26,Eintracht Braunschweig,Preußen Münster,7,2025-09-28,59,,Oliver Batista Meier,assisted,right-foot,10.2,47,low-left
2025/26,Eintracht Braunschweig,Preußen Münster,7,2025-09-28,47,,Etienne Amenyido,assisted,right-foot,10.1,51.5,high-right
2025/26,Eintracht Braunschweig,Preußen Münster,7,2025-09-28,23,,Oscar Vilhelmsson,assisted,left-foot,7.6,46.6,low-centre
2025/26,1. FC Nürnberg,Fortuna Düsseldorf,8,2025-10-03,83,,Christian Rasmussen,assisted,left-foot,7.4,54,high-right
2025/26,1. FC Nürnberg,Fortuna Düsseldorf,8,2025-10-03,67,,Anouar El Azzouzi,assisted,left-foot,4.5,43,low-right
2025/26,Eintracht Braunschweig,SC Paderborn 07,8,2025-10-03,88,,Stefano Marino,fast-break,right-foot,10.5,69.1,low-left
2025/26,Eintracht Braunschweig,SC Paderborn 07,8,2025-10-03,1,,Filip Bilbija,assisted,head,7.9,51.7,low-left
2025/26,SV Darmstadt 98,Holstein Kiel,8,2025-10-04,66,,David Zec,assisted,right-foot,16.6,58.4,high-left
2025/26,Holstein Kiel,Darmstadt 98,8,2025-10-04,54,,Isac Lidberg,assisted,right-foot,23.1,39.1,low-right
2025/26,1. FC Kaiserslautern,VfL Bochum 1848,8,2025-10-04,90,4,Jan Elvedi,regular,left-foot,4.3,47.4,high-centre
2025/26,VfL Bochum,1. FC Kaiserslautern,8,2025-10-04,86,,Paul Joly,regular,right-foot,12.3,54.8,high-right
2025/26,VfL Bochum,1. FC Kaiserslautern,8,2025-10-04,79,,Ivan Prtajin,fast-break,right-foot,14.1,60.5,low-right
2025/26,1. FC Kaiserslautern,VfL Bochum 1848,8,2025-10-04,15,,Gerrit Holtmann,assisted,left-foot,9.1,52.8,low-left
2025/26,VfL Bochum,1. FC Kaiserslautern,8,2025-10-04,7,,Ivan Prtajin,fast-break,right-foot,13.4,53,low-right
2025/26,Hertha BSC,Preußen Münster,8,2025-10-04,84,,Etienne Amenyido,assisted,right-foot,20.7,40.9,low-right
2025/26,Karlsruher SC,SG Dynamo Dresden,8,2025-10-04,90,1,Jakob Lemmer,regular,right-foot,12.4,58.8,low-left
2025/26,Dynamo Dresden,Karlsruher SC,8,2025-10-04,61,,Fabian Schleusener,assisted,left-foot,5.1,55,low-left
2025/26,Karlsruher SC,SG Dynamo Dresden,8,2025-10-04,52,,Christoph Daferner,assisted,right-foot,4.8,58.5,low-centre
2025/26,Dynamo Dresden,Karlsruher SC,8,2025-10-04,37,,Lilian Egloff,assisted,left-foot,14.5,44.8,low-left
2025/26,Dynamo Dresden,Karlsruher SC,8,2025-10-04,11,,Marcel Beifus,corner,head,9.8,49.7,high-right
2025/26,Karlsruher SC,SG Dynamo Dresden,8,2025-10-04,8,,Nils Fröling,assisted,right-foot,18.9,27.6,low-centre
2025/26,1. FC Magdeburg,SV 07 Elversberg,8,2025-10-05,80,,Jarzinho Malanga,fast-break,right-foot,15.1,43,high-left
2025/26,1. FC Magdeburg,SV 07 Elversberg,8,2025-10-05,74,,Otto Stange,fast-break,left-foot,11.7,44.6,low-left
2025/26,1. FC Magdeburg,SV 07 Elversberg,8,2025-10-05,45,,Tom Zimmerschied,assisted,right-foot,4.2,57.3,low-left
2025/26,1. FC Magdeburg,SV 07 Elversberg,8,2025-10-05,23,,Bambasé Conté,corner,head,2.4,52.7,low-centre
2025/26,Hannover 96,SpVgg Greuther Fürth,8,2025-10-05,82,,David Abrangao,set-piece,head,3.3,54.3,high-right
2025/26,SpVgg Greuther Fürth,Hannover 96,8,2025-10-05,61,,Hayate Matsuda,assisted,right-foot,10.7,60.7,high-right
2025/26,Hannover 96,SpVgg Greuther Fürth,8,2025-10-05,24,,Noel Futkeu,fast-break,left-foot,4.2,41.5,low-left
2025/26,SpVgg Greuther Fürth,Hannover 96,8,2025-10-05,6,,Benjamin Källman,assisted,left-foot,2.2,55.3,high-right
2025/26,DSC Arminia Bielefeld,FC Schalke 04,8,2025-10-05,18,,Hasan Kuruçay,set-piece,right-foot,11.2,43,low-right
2025/26,DSC Arminia Bielefeld,FC Schalke 04,8,2025-10-05,11,,Christopher Antwi-Adjei,regular,right-foot,11.9,60.9,low-centre
2025/26,Hannover 96,FC Schalke 04,9,2025-10-17,85,,Christian Gomis,corner,head,1.4,48.7,high-left
2025/26,Hannover 96,FC Schalke 04,9,2025-10-17,14,,Moussa Sylla,corner,head,3.3,53.7,low-right
2025/26,Hannover 96,FC Schalke 04,9,2025-10-17,3,,Moussa Sylla,assisted,left-foot,13.4,53.7,high-left
2025/26,Eintracht Braunschweig,Fortuna Düsseldorf,9,2025-10-17,65,,Kenneth Schmidt,assisted,right-foot,8,49.1,low-centre
2025/26,DSC Arminia Bielefeld,SC Paderborn 07,9,2025-10-18,62,,Steffen Tigges,corner,head,8.8,55.6,high-right
2025/26,DSC Arminia Bielefeld,SC Paderborn 07,9,2025-10-18,55,,Filip Bilbija,penalty,right-foot,11.5,50,low-left
2025/26,DSC Arminia Bielefeld,SC Paderborn 07,9,2025-10-18,50,,Steffen Tigges,throw-in-set-piece,head,3.2,50,high-centre
2025/26,DSC Arminia Bielefeld,SC Paderborn 07,9,2025-10-18,26,,Mika Baur,assisted,right-foot,6.3,44.6,low-right
2025/26,Karlsruher SC,1. FC Kaiserslautern,9,2025-10-18,90,3,Marlon Ritter,fast-break,right-foot,10.3,65.2,low-left
2025/26,1. FC Kaiserslautern,Karlsruher SC,9,2025-10-18,83,,Lilian Egloff,fast-break,right-foot,7.3,54.8,low-right
2025/26,1. FC Kaiserslautern,Karlsruher SC,9,2025-10-18,58,,Fabian Schleusener,regular,right-foot,4.8,49.3,low-centre
2025/26,Karlsruher SC,1. FC Kaiserslautern,9,2025-10-18,54,,Naatan Skyttä,assisted,left-foot,15.7,51.4,high-centre
2025/26,Karlsruher SC,1. FC Kaiserslautern,9,2025-10-18,11,,Ivan Prtajin,assisted,right-foot,9.8,43,low-left
2025/26,Dynamo Dresden,Preußen Münster,9,2025-10-18,85,,Lars Bünning,regular,right-foot,1.4,51.3,low-right
2025/26,Dynamo Dresden,Preußen Münster,9,2025-10-18,51,,Jorrit Hendrix,regular,left-foot,11.9,36.6,low-right
2025/26,VfL Bochum,Hertha BSC,9,2025-10-18,80,,Fabian Reese,penalty,right-foot,11.5,50,low-right
2025/26,VfL Bochum,Hertha BSC,9,2025-10-18,72,,Jan Luca Schuler,assisted,right-foot,4.6,55.8,high-right
2025/26,Hertha BSC,VfL Bochum 1848,9,2025-10-18,60,,Francis Onyeka,throw-in-set-piece,left-foot,4.5,47.7,low-centre
2025/26,Hertha BSC,VfL Bochum 1848,9,2025-10-18,32,,Francis Onyeka,fast-break,left-foot,13.2,44.4,low-left
2025/26,Hertha BSC,VfL Bochum 1848,9,2025-10-18,13,,Michał Karbownik,regular,right-foot,3.8,51.3,high-centre
2025/26,SpVgg Greuther Fürth,SV 07 Elversberg,9,2025-10-19,90,3,Florian Yves Le Joncour,corner,left-foot,6,53.8,low-left
2025/26,SpVgg Greuther Fürth,SV 07 Elversberg,9,2025-10-19,85,,Jason Ceka,fast-break,left-foot,21.6,56.6,low-left
2025/26,SpVgg Greuther Fürth,SV 07 Elversberg,9,2025-10-19,80,,Younes Ebnoutalib,assisted,left-foot,3.6,48.3,low-left
2025/26,SpVgg Greuther Fürth,SV 07 Elversberg,9,2025-10-19,56,,Younes Ebnoutalib,regular,right-foot,10.8,38.7,low-centre
2025/26,SpVgg Greuther Fürth,SV 07 Elversberg,9,2025-10-19,48,,Younes Ebnoutalib,corner,right-foot,13.8,46.2,high-right
2025/26,SpVgg Greuther Fürth,SV 07 Elversberg,9,2025-10-19,27,,Bambasé Conté,assisted,right-foot,14.8,51.1,low-left
2025/26,1. FC Nürnberg,Holstein Kiel,9,2025-10-19,86,,Carl Johansson,assisted,head,6.4,44.8,high-centre
2025/26,Holstein Kiel,1. FC Nürnberg,9,2025-10-19,28,,Mohamed Ali Zoma,assisted,right-foot,5.8,66.7,high-centre
2025/26,SpVgg Greuther Fürth,Karlsruher SC,10,2025-10-24,90,5,Marvin Wanitzek,fast-break,right-foot,22.5,37.7,low-right
2025/26,Karlsruher SC,SpVgg Greuther Fürth,10,2025-10-24,90,,Branimir Hrgota,throw-in-set-piece,left-foot,11.5,57.8,low-right
2025/26,SpVgg Greuther Fürth,Karlsruher SC,10,2025-10-24,79,,Marvin Wanitzek,assisted,right-foot,6.4,50,low-left
2025/26,SpVgg Greuther Fürth,Karlsruher SC,10,2025-10-24,34,,Lilian Egloff,corner,right-foot,21.9,38,low-right
2025/26,SpVgg Greuther Fürth,Karlsruher SC,10,2025-10-24,3,,Fabian Schleusener,assisted,head,8.3,46,high-centre
2025/26,SV Darmstadt 98,FC Schalke 04,10,2025-10-24,9,,Moussa Sylla,fast-break,right-foot,12,45.6,low-right
2025/26,VfL Bochum,Holstein Kiel,10,2025-10-25,86,,Louis Köster,throw-in-set-piece,head,6.7,50.1,low-centre
2025/26,Holstein Kiel,VfL Bochum 1848,10,2025-10-25,55,,Francis Onyeka,penalty,left-foot,11.5,50,low-right
2025/26,Dynamo Dresden,SC Paderborn 07,10,2025-10-25,65,,Mika Baur,throw-in-set-piece,right-foot,22.6,47.2,low-right
2025/26,Dynamo Dresden,SC Paderborn 07,10,2025-10-25,45,2,Filip Bilbija,penalty,right-foot,11.5,50,low-right
2025/26,1. FC Kaiserslautern,1. FC Nürnberg,10,2025-10-26,90,3,Robin Knoche,penalty,right-foot,11.5,50,low-right
2025/26,1. FC Nürnberg,1. FC Kaiserslautern,10,2025-10-26,45,,Daniel Hanslik,regular,left-foot,14.4,50.9,low-right
2025/26,Eintracht Braunschweig,Hannover 96,10,2025-10-26,61,,Daisuke Yokota,assisted,left-foot,7.7,62.6,low-centre
2025/26,Eintracht Braunschweig,Hannover 96,10,2025-10-26,36,,Benjamin Källman,regular,right-foot,7,56,low-right
2025/26,Eintracht Braunschweig,Hannover 96,10,2025-10-26,32,,Benjamin Källman,assisted,left-foot,5.5,49.1,high-centre
2025/26,Hannover 96,SV 07 Elversberg,11,2025-10-31,80,,Bambasé Conté,set-piece,left-foot,5.5,33.3,low-left
2025/26,Hannover 96,SV 07 Elversberg,11,2025-10-31,22,,Lukas Petkov,assisted,head,6.9,56,high-centre
2025/26,Holstein Kiel,Preußen Münster,11,2025-10-31,77,,Yassine Bouchama,throw-in-set-piece,right-foot,15.5,47.4,low-right
2025/26,Holstein Kiel,Preußen Münster,11,2025-10-31,60,,Oliver Batista Meier,penalty,right-foot,11.5,50,low-right
2025/26,Karlsruher SC,FC Schalke 04,11,2025-11-01,66,,Kenan Karaman,penalty,right-foot,11.5,50,low-left
2025/26,1. FC Nürnberg,Eintracht Braunschweig,11,2025-11-01,40,,Kevin Ehlers,set-piece,right-foot,9.3,48.7,low-right
2025/26,Eintracht Braunschweig,1. FC Nürnberg,11,2025-11-01,33,,Finn Ole Becker,fast-break,left-foot,13.2,56.6,low-left
2025/26,Eintracht Braunschweig,1. FC Nürnberg,11,2025-11-01,19,,Mohamed Ali Zoma,assisted,right-foot,8.2,54.4,low-centre
2025/26,Dynamo Dresden,Hertha BSC,11,2025-11-01,45,2,Fabian Reese,penalty,right-foot,11.5,50,high-right
2025/26,Dynamo Dresden,Hertha BSC,11,2025-11-01,13,,Michaël Cuisance,regular,left-foot,11.7,58.5,low-left
2025/26,SV Darmstadt 98,Arminia Bielefeld,11,2025-11-01,73,,Maximilian Großer,assisted,right-foot,14.5,66.2,low-centre
2025/26,DSC Arminia Bielefeld,Darmstadt 98,11,2025-11-01,33,,Isac Lidberg,assisted,right-foot,12.3,42.3,high-right
2025/26,SV Darmstadt 98,Arminia Bielefeld,11,2025-11-01,28,,Noah Sarenren Bazee,throw-in-set-piece,left-foot,12.9,62.4,high-right
2025/26,DSC Arminia Bielefeld,Darmstadt 98,11,2025-11-01,4,,Fraser Hornby,corner,right-foot,2,54,low-right
2025/26,1. FC Magdeburg,VfL Bochum 1848,11,2025-11-02,60,,Gerrit Holtmann,corner,left-foot,16.1,46.6,low-left
2025/26,1. FC Magdeburg,VfL Bochum 1848,11,2025-11-02,41,,Kjell Wätjen,regular,right-foot,12.8,50.3,low-centre
2025/26,SpVgg Greuther Fürth,SC Paderborn 07,11,2025-11-02,64,,Filip Bilbija,assisted,head,7.6,48.5,low-centre
2025/26,SpVgg Greuther Fürth,SC Paderborn 07,11,2025-11-02,37,,Laurin Curda,free-kick,right-foot,19.4,55.3,low-left
2025/26,1. FC Kaiserslautern,Fortuna Düsseldorf,11,2025-11-02,84,,Sima Suso,regular,left-foot,13.2,64.6,high-left
2025/26,Dynamo Dresden,1. FC Nürnberg,12,2025-11-07,50,,Tim Janisch,assisted,right-foot,9.2,65.2,low-left
2025/26,1. FC Nürnberg,SG Dynamo Dresden,12,2025-11-07,45,1,Dominik Kother,assisted,right-foot,15.1,55.8,low-left
2025/26,Dynamo Dresden,1. FC Nürnberg,12,2025-11-07,1,,Rafael Lubach,assisted,left-foot,12.8,42.1,high-right
2025/26,Hannover 96,Darmstadt 98,12,2025-11-08,90,4,Hiroki Akiyama,assisted,right-foot,15,56.6,low-right
2025/26,Hannover 96,Darmstadt 98,12,2025-11-08,50,,Killian Corredor,assisted,right-foot,12.2,58.1,high-right
2025/26,SV Darmstadt 98,Hannover 96,12,2025-11-08,33,,Kolja Oudenne,regular,right-foot,18.8,34,high-right
2025/26,SV Darmstadt 98,Hannover 96,12,2025-11-08,18,,Ime Okon,set-piece,right-foot,5.2,50.9,low-left
2025/26,Hannover 96,Darmstadt 98,12,2025-11-08,5,,Killian Corredor,fast-break,right-foot,7.9,52.2,low-right
2025/26,Karlsruher SC,Arminia Bielefeld,12,2025-11-08,60,,Noah Sarenren Bazee,set-piece,head,6.4,47.7,high-right
2025/26,Karlsruher SC,Arminia Bielefeld,12,2025-11-08,50,,Monju Momuluh,assisted,right-foot,10.8,55.8,high-right
2025/26,Karlsruher SC,Arminia Bielefeld,12,2025-11-08,46,,Monju Momuluh,regular,right-foot,15.6,67.5,low-left
2025/26,Karlsruher SC,Arminia Bielefeld,12,2025-11-08,45,3,Joel Grodowski,penalty,right-foot,11.5,50,low-right
2025/26,1. FC Kaiserslautern,Hertha BSC,12,2025-11-08,20,,Jan Luca Schuler,assisted,left-foot,8.3,54,low-left
2025/26,1. FC Magdeburg,SC Paderborn 07,12,2025-11-09,9,,Sebastian Klaas,assisted,left-foot,18.5,48.7,low-left
2025/26,Eintracht Braunschweig,VfL Bochum 1848,12,2025-11-09,73,,Francis Onyeka,assisted,left-foot,10,45.8,low-centre
2025/26,Eintracht Braunschweig,VfL Bochum 1848,12,2025-11-09,7,,Cajetan Lenz,corner,head,2.3,52.8,high-right
2025/26,Dynamo Dresden,VfL Bochum 1848,13,2025-11-21,58,,Cajetan Lenz,corner,left-foot,10.1,45,low-right
2025/26,VfL Bochum,SG Dynamo Dresden,13,2025-11-21,45,1,Vincent Vermeij,regular,right-foot,7,41.7,low-right
2025/26,VfL Bochum,SG Dynamo Dresden,13,2025-11-21,25,,Alexander Rossipal,throw-in-set-piece,left-foot,5.7,48.5,high-centre
2025/26,Eintracht Braunschweig,Hertha BSC,13,2025-11-21,56,,Marten Winkler,assisted,head,8.5,50.3,high-centre
2025/26,1. FC Magdeburg,Fortuna Düsseldorf,13,2025-11-22,90,5,Cédric Itten,fast-break,head,8.9,47,low-right
2025/26,1. FC Magdeburg,Fortuna Düsseldorf,13,2025-11-22,37,,Cédric Itten,regular,right-foot,2.3,53,low-centre
2025/26,SpVgg Greuther Fürth,Darmstadt 98,13,2025-11-22,78,,Merveille Papela,corner,head,3.9,52.1,low-right
2025/26,SpVgg Greuther Fürth,Darmstadt 98,13,2025-11-22,63,,Fraser Hornby,assisted,right-foot,24.8,60.1,low-left
2025/26,SpVgg Greuther Fürth,Darmstadt 98,13,2025-11-22,58,,Isac Lidberg,corner,left-foot,3.3,49.4,low-centre
2025/26,SV Darmstadt 98,SpVgg Greuther Fürth,13,2025-11-22,52,,Noel Futkeu,assisted,right-foot,13.3,53,low-left
2025/26,SV Darmstadt 98,SpVgg Greuther Fürth,13,2025-11-22,38,,Noel Futkeu,penalty,right-foot,11.5,50,low-right
2025/26,SpVgg Greuther Fürth,Darmstadt 98,13,2025-11-22,11,,Fraser Hornby,assisted,right-foot,15.1,51.5,low-right
2025/26,Holstein Kiel,1. FC Kaiserslautern,13,2025-11-23,45,6,Naatan Skyttä,fast-break,left-foot,14.8,43.8,low-left
2025/26,Holstein Kiel,1. FC Kaiserslautern,13,2025-11-23,37,,Mika Haas,throw-in-set-piece,left-foot,3.8,45.8,low-left
2025/26,1. FC Kaiserslautern,Holstein Kiel,13,2025-11-23,28,,Alexander Bernhardsson,penalty,left-foot,11.5,50,low-left
2025/26,Holstein Kiel,1. FC Kaiserslautern,13,2025-11-23,11,,Naatan Skyttä,assisted,left-foot,14.4,48.3,low-left
2025/26,Holstein Kiel,1. FC Kaiserslautern,13,2025-11-23,7,,Naatan Skyttä,regular,left-foot,8,49.9,low-right
2025/26,Karlsruher SC,SV 07 Elversberg,13,2025-11-23,90,4,Felix Keidel,assisted,right-foot,10.8,62.6,low-left
2025/26,Karlsruher SC,SV 07 Elversberg,13,2025-11-23,66,,Lukas Petkov,assisted,left-foot,14.5,61.1,high-left
2025/26,Karlsruher SC,SV 07 Elversberg,13,2025-11-23,26,,Younes Ebnoutalib,assisted,right-foot,14.8,53.4,low-centre
2025/26,DSC Arminia Bielefeld,1. FC Nürnberg,13,2025-11-23,56,,Finn Ole Becker,assisted,left-foot,10.8,62.7,low-right
2025/26,DSC Arminia Bielefeld,1. FC Nürnberg,13,2025-11-23,49,,Rafael Lubach,penalty,right-foot,11.5,50,low-left
2025/26,Karlsruher SC,Hannover 96,14,2025-11-28,77,,Mustapha Bundu,assisted,left-foot,15,51.1,low-right
2025/26,Karlsruher SC,Hannover 96,14,2025-11-28,70,,Benedikt Pichler,fast-break,left-foot,8.6,42.3,low-centre
2025/26,Karlsruher SC,Hannover 96,14,2025-11-28,67,,Husseyn Chakroun,assisted,right-foot,12.1,41.1,low-centre
2025/26,Holstein Kiel,Hertha BSC,14,2025-11-29,75,,Dawid Kownacki,assisted,head,6.9,41.5,low-left
2025/26,1. FC Kaiserslautern,Eintracht Braunschweig,14,2025-11-29,49,,Erencan Yardımcı,fast-break,right-foot,13.2,33.1,low-right
2025/26,1. FC Kaiserslautern,Eintracht Braunschweig,14,2025-11-29,34,,Max Marie,assisted,right-foot,14.5,48.9,low-centre
2025/26,SpVgg Greuther Fürth,VfL Bochum 1848,14,2025-11-29,17,,Philipp Hofmann,assisted,left-foot,8.2,42.3,high-left
2025/26,SpVgg Greuther Fürth,VfL Bochum 1848,14,2025-11-29,13,,Ibrahima Sissoko,corner,right-foot,3.8,46.2,low-right
2025/26,SpVgg Greuther Fürth,VfL Bochum 1848,14,2025-11-29,8,,Ibrahima Sissoko,set-piece,left-foot,3.3,47.4,high-centre
2025/26,1. FC Nürnberg,1. FC Magdeburg,14,2025-11-29,90,10,Maximilian Breunig,assisted,right-foot,2.6,54.2,low-right
2025/26,1. FC Nürnberg,1. FC Magdeburg,14,2025-11-29,90,5,Mateusz Żukowski,assisted,right-foot,1.8,50.9,low-right
2025/26,1. FC Nürnberg,1. FC Magdeburg,14,2025-11-29,73,,Mateusz Żukowski,set-piece,right-foot,7.3,47.2,low-left
2025/26,DSC Arminia Bielefeld,Preußen Münster,14,2025-11-30,89,,Leon Schneider,regular,right-foot,3.3,48.8,high-right
2025/26,DSC Arminia Bielefeld,Preußen Münster,14,2025-11-30,32,,Oliver Batista Meier,regular,right-foot,8.5,56.3,low-centre
2025/26,Dynamo Dresden,Fortuna Düsseldorf,14,2025-11-30,84,,Christian Rasmussen,assisted,head,6.3,42.5,high-left
2025/26,Hannover 96,Preußen Münster,15,2025-12-05,90,6,Zidan Sertdemir,assisted,left-foot,13.6,62.4,low-left
2025/26,Hannover 96,Preußen Münster,15,2025-12-05,90,1,Oliver Batista Meier,penalty,right-foot,11.5,50,low-left
2025/26,1. FC Kaiserslautern,SG Dynamo Dresden,15,2025-12-06,76,,Jakob Lemmer,assisted,right-foot,27.9,73.8,low-right
2025/26,Dynamo Dresden,1. FC Kaiserslautern,15,2025-12-06,70,,Mika Haas,throw-in-set-piece,left-foot,6.4,50.3,low-centre
2025/26,Dynamo Dresden,1. FC Kaiserslautern,15,2025-12-06,52,,Marlon Ritter,regular,right-foot,15.7,57.3,low-left
2025/26,Dynamo Dresden,1. FC Kaiserslautern,15,2025-12-06,17,,Naatan Skyttä,assisted,right-foot,5.4,60.1,high-right
2025/26,DSC Arminia Bielefeld,VfL Bochum 1848,15,2025-12-06,70,,Philipp Hofmann,assisted,head,4.7,51.2,low-centre
2025/26,Karlsruher SC,Darmstadt 98,15,2025-12-06,63,,Matej Maglica,set-piece,head,2.3,54.2,low-right
2025/26,SV Darmstadt 98,Karlsruher SC,15,2025-12-06,60,,Fabian Schleusener,assisted,right-foot,16.4,48.4,low-left
2025/26,Karlsruher SC,Darmstadt 98,15,2025-12-06,48,,Isac Lidberg,regular,right-foot,11.3,43.6,low-right
2025/26,Karlsruher SC,Darmstadt 98,15,2025-12-06,45,1,Marco Richter,free-kick,right-foot,19.1,38.1,low-right
2025/26,SV Darmstadt 98,Karlsruher SC,15,2025-12-06,38,,Matej Maglica,corner,head,7.5,52.2,low-left
2025/26,1. FC Nürnberg,SpVgg Greuther Fürth,15,2025-12-07,61,,Aaron Keller,assisted,left-foot,10.9,38.3,low-left
2025/26,SpVgg Greuther Fürth,1. FC Nürnberg,15,2025-12-07,57,,Mohamed Ali Zoma,assisted,right-foot,17.3,40.7,high-centre
2025/26,1. FC Nürnberg,SpVgg Greuther Fürth,15,2025-12-07,53,,Felix Klaus,assisted,right-foot,7.6,44.4,low-right
2025/26,SpVgg Greuther Fürth,1. FC Nürnberg,15,2025-12-07,48,,Luka Lochoshvili,corner,head,9.8,54,high-centre
2025/26,Hertha BSC,1. FC Magdeburg,15,2025-12-07,90,10,Rayan Ghrieb,assisted,right-foot,10.4,69.9,low-left
2025/26,Hertha BSC,1. FC Magdeburg,15,2025-12-07,74,,Alexander Nollenberger,corner,right-foot,4.4,52.2,low-right
2025/26,Eintracht Braunschweig,Holstein Kiel,15,2025-12-07,45,5,Niklas Niehoff,assisted,right-foot,13.8,52.3,low-left
2025/26,Holstein Kiel,Eintracht Braunschweig,15,2025-12-07,25,,Mehmet Aydın,penalty,right-foot,11.5,50,low-left
2025/26,Hertha BSC,SpVgg Greuther Fürth,16,2025-12-12,81,,Dennis Srbeny,fast-break,left-foot,2.1,44.6,low-left
2025/26,SpVgg Greuther Fürth,Hertha BSC,16,2025-12-12,62,,Jan Luca Schuler,assisted,left-foot,7.6,38.9,low-left
2025/26,Hertha BSC,SpVgg Greuther Fürth,16,2025-12-12,58,,Felix Klaus,assisted,right-foot,8.6,43.6,high-left
2025/26,Hertha BSC,SpVgg Greuther Fürth,16,2025-12-12,42,,Branimir Hrgota,assisted,left-foot,6.6,47,low-centre
2025/26,SpVgg Greuther Fürth,Hertha BSC,16,2025-12-12,36,,Jan Luca Schuler,set-piece,right-foot,7.9,52.5,high-right
2025/26,SpVgg Greuther Fürth,Hertha BSC,16,2025-12-12,33,,Fabian Reese,assisted,left-foot,10.8,38.7,low-right
2025/26,Dynamo Dresden,Eintracht Braunschweig,16,2025-12-12,78,,Patrick Nkoa,set-piece,right-foot,3.2,49.4,low-right
2025/26,Eintracht Braunschweig,SG Dynamo Dresden,16,2025-12-12,56,,Nils Fröling,regular,right-foot,1.7,51.3,low-right
2025/26,Eintracht Braunschweig,SG Dynamo Dresden,16,2025-12-12,54,,Jakob Lemmer,regular,right-foot,3.6,65.7,high-centre
2025/26,Dynamo Dresden,Eintracht Braunschweig,16,2025-12-12,21,,Christian Conteh,assisted,left-foot,8.8,33,low-right
2025/26,Dynamo Dresden,Eintracht Braunschweig,16,2025-12-12,7,,Christian Conteh,regular,right-foot,8,56.4,low-left
2025/26,Karlsruher SC,SC Paderborn 07,16,2025-12-13,86,,Tjark Lasse Scheller,corner,head,5.2,50.1,low-left
2025/26,Karlsruher SC,SC Paderborn 07,16,2025-12-13,78,,Raphael Obermair,assisted,right-foot,16.1,36.4,low-left
2025/26,Karlsruher SC,SC Paderborn 07,16,2025-12-13,71,,Laurin Curda,regular,left-foot,4.2,55,low-right
2025/26,Karlsruher SC,SC Paderborn 07,16,2025-12-13,65,,Laurin Curda,assisted,head,8.8,51.1,low-right
2025/26,1. FC Magdeburg,Holstein Kiel,16,2025-12-13,90,2,Steven Skrzybski,assisted,right-foot,26.2,45.8,high-right
2025/26,Holstein Kiel,1. FC Magdeburg,16,2025-12-13,84,,Mateusz Żukowski,penalty,right-foot,11.5,50,low-left
2025/26,1. FC Magdeburg,Holstein Kiel,16,2025-12-13,68,,David Zec,penalty,right-foot,11.4,50,low-left
2025/26,Holstein Kiel,1. FC Magdeburg,16,2025-12-13,45,3,Barış Atik,regular,right-foot,9.1,43,low-centre
2025/26,Holstein Kiel,1. FC Magdeburg,16,2025-12-13,45,1,Noah Pesch,assisted,left-foot,21.9,58.8,high-left
2025/26,1. FC Magdeburg,Holstein Kiel,16,2025-12-13,43,,David Zec,penalty,right-foot,11.6,50,low-centre
2025/26,1. FC Nürnberg,FC Schalke 04,16,2025-12-14,52,,Vitalie Becker,fast-break,left-foot,19.1,37.8,low-right
2025/26,SV Darmstadt 98,SC Paderborn 07,17,2025-12-19,85,,Sebastian Klaas,penalty,right-foot,11.5,50,low-left
2025/26,SV Darmstadt 98,SC Paderborn 07,17,2025-12-19,55,,Mika Baur,assisted,right-foot,24.3,54.2,low-right
2025/26,Hertha BSC,Arminia Bielefeld,17,2025-12-19,90,6,Stefano Russo,corner,right-foot,14.8,37.6,high-right
2025/26,DSC Arminia Bielefeld,Hertha BSC,17,2025-12-19,67,,Paul Seguin,fast-break,right-foot,17.9,46.8,low-left
2025/26,VfL Bochum,Karlsruher SC,17,2025-12-20,86,,Shio Fukuda ,assisted,head,4.8,52.6,low-centre
2025/26,Karlsruher SC,VfL Bochum 1848,17,2025-12-20,69,,Francis Onyeka,assisted,head,7,52.6,low-right
2025/26,VfL Bochum,Karlsruher SC,17,2025-12-20,47,,Marvin Wanitzek,regular,left-foot,5.3,50.1,high-centre
2025/26,Karlsruher SC,VfL Bochum 1848,17,2025-12-20,35,,Francis Onyeka,corner,left-foot,8.2,49.3,high-left
2025/26,SpVgg Greuther Fürth,Fortuna Düsseldorf,17,2025-12-20,65,,Florent Muslija,corner,right-foot,0.5,0.5,low-centre
2025/26,SpVgg Greuther Fürth,Fortuna Düsseldorf,17,2025-12-20,24,,Cédric Itten,assisted,right-foot,1.7,52.3,low-centre
2025/26,1. FC Magdeburg,1. FC Kaiserslautern,17,2025-12-20,56,,Marlon Ritter,penalty,right-foot,11.5,50,low-left
2025/26,1. FC Magdeburg,1. FC Kaiserslautern,17,2025-12-20,53,,Daniel Hanslik,assisted,left-foot,16.4,57.5,low-left
2025/26,1. FC Kaiserslautern,1. FC Magdeburg,17,2025-12-20,49,,Alexander Nollenberger,assisted,right-foot,12,30.8,low-right
2025/26,1. FC Kaiserslautern,1. FC Magdeburg,17,2025-12-20,35,,Mateusz Żukowski,regular,right-foot,21.5,43.6,low-right
2025/26,1. FC Kaiserslautern,1. FC Magdeburg,17,2025-12-20,22,,Barış Atik,regular,left-foot,1.4,46,low-left
2025/26,Dynamo Dresden,Holstein Kiel,17,2025-12-20,51,,Ivan Nekić,corner,head,7,50.5,high-right
2025/26,Dynamo Dresden,Holstein Kiel,17,2025-12-20,29,,Phil Harres,assisted,right-foot,9.8,45.1,low-left
2025/26,Holstein Kiel,SG Dynamo Dresden,17,2025-12-20,12,,Vincent Vermeij,corner,head,3.6,44.8,low-left
2025/26,Eintracht Braunschweig,FC Schalke 04,17,2025-12-21,88,,Soufiane El-Faouzi,regular,left-foot,10.1,44,high-left
2025/26,Hannover 96,1. FC Nürnberg,17,2025-12-21,49,,Mohamed Ali Zoma,assisted,right-foot,7.6,63.6,low-centre
2025/26,Hannover 96,1. FC Nürnberg,17,2025-12-21,44,,Rafael Lubach,assisted,left-foot,21.3,40.1,low-right
2025/26,1. FC Nürnberg,Hannover 96,17,2025-12-21,19,,Benjamin Källman,regular,right-foot,4.7,49.9,low-centre
2025/26,DSC Arminia Bielefeld,Fortuna Düsseldorf,18,2026-01-16,86,,Cédric Itten,corner,head,8,48.1,low-left
2025/26,Eintracht Braunschweig,1. FC Magdeburg,18,2026-01-16,90,,Maximilian Breunig,assisted,left-foot,9,55.5,low-left
2025/26,Eintracht Braunschweig,1. FC Magdeburg,18,2026-01-16,79,,Barış Atik,fast-break,right-foot,14.4,35.1,low-right
2025/26,Eintracht Braunschweig,1. FC Magdeburg,18,2026-01-16,41,,Mateusz Żukowski,regular,right-foot,7.4,52.1,low-centre
2025/26,1. FC Nürnberg,SV 07 Elversberg,18,2026-01-17,65,,Jarzinho Malanga,assisted,right-foot,14.5,48.7,high-right
2025/26,1. FC Nürnberg,SV 07 Elversberg,18,2026-01-17,39,,Tom Zimmerschied,assisted,left-foot,7,46.4,low-centre
2025/26,SpVgg Greuther Fürth,SG Dynamo Dresden,18,2026-01-17,49,,Jakob Lemmer,assisted,right-foot,29.4,52.6,low-left
2025/26,SpVgg Greuther Fürth,SG Dynamo Dresden,18,2026-01-17,35,,Thomas Keller,corner,head,4.1,51.9,low-centre
2025/26,Hannover 96,1. FC Kaiserslautern,18,2026-01-18,90,5,Naatan Skyttä,fast-break,left-foot,6.7,48.1,low-centre
2025/26,Hannover 96,1. FC Kaiserslautern,18,2026-01-18,90,2,Semih Şahin,regular,right-foot,8.3,56,high-left
2025/26,Hannover 96,1. FC Kaiserslautern,18,2026-01-18,73,,Ivan Prtajin,assisted,head,9.4,47.9,low-left
2025/26,1. FC Kaiserslautern,Hannover 96,18,2026-01-18,67,,Enzo Leopold,assisted,right-foot,6.9,53.8,low-centre
2025/26,SV Darmstadt 98,VfL Bochum 1848,18,2026-01-18,82,,Callum Marshall,regular,head,3.8,54.2,low-right
2025/26,VfL Bochum,Darmstadt 98,18,2026-01-18,68,,Leandro Morgalla,set-piece,right-foot,8.3,46.6,low-right
2025/26,VfL Bochum,Darmstadt 98,18,2026-01-18,36,,Isac Lidberg,assisted,right-foot,7,46.4,high-right
2025/26,SV Darmstadt 98,VfL Bochum 1848,18,2026-01-18,27,,Philipp Hofmann,regular,left-foot,7.3,42.7,low-left
2025/26,SV Darmstadt 98,VfL Bochum 1848,18,2026-01-18,11,,Francis Onyeka,regular,left-foot,4.6,47.2,low-left
2025/26,VfL Bochum,Darmstadt 98,18,2026-01-18,7,,Fraser Hornby,assisted,right-foot,12.8,60.5,low-left
2025/26,1. FC Nürnberg,Darmstadt 98,19,2026-01-23,75,,Luca Marseiler,fast-break,right-foot,8.5,63.6,low-centre
2025/26,1. FC Nürnberg,Darmstadt 98,19,2026-01-23,60,,Hiroki Akiyama,corner,left-foot,15.5,56.4,high-left
2025/26,Holstein Kiel,Arminia Bielefeld,19,2026-01-23,87,,Noah Sarenren Bazee,assisted,head,4.8,53.8,low-left
2025/26,Holstein Kiel,Arminia Bielefeld,19,2026-01-23,70,,Joel Grodowski,penalty,right-foot,11.5,50,low-left
2025/26,DSC Arminia Bielefeld,Holstein Kiel,19,2026-01-23,45,2,Ivan Nekić,corner,head,4.9,59.3,high-centre
2025/26,DSC Arminia Bielefeld,Holstein Kiel,19,2026-01-23,33,,Leon Schneider,regular,right-foot,4.6,49.9,low-centre
2025/26,Karlsruher SC,Hertha BSC,19,2026-01-24,79,,Jeremy Dudziak,assisted,left-foot,10.5,60.5,low-left
2025/26,Hertha BSC,Karlsruher SC,19,2026-01-24,26,,Sebastian Jung,corner,right-foot,22.8,61.5,low-left
2025/26,Karlsruher SC,Hertha BSC,19,2026-01-24,19,,Fabian Reese,assisted,right-foot,9.1,67.9,high-left
2025/26,Hertha BSC,Karlsruher SC,19,2026-01-24,7,,Fabian Schleusener,assisted,right-foot,21.3,57.7,low-left
2025/26,Hannover 96,Fortuna Düsseldorf,19,2026-01-24,49,,Elias Egouli,set-piece,head,3,53,high-right
2025/26,1. FC Magdeburg,SG Dynamo Dresden,19,2026-01-24,45,3,Thomas Keller,set-piece,left-foot,4.2,54.2,low-right
2025/26,1. FC Magdeburg,SG Dynamo Dresden,19,2026-01-24,34,,Kofi Jeremy Amoako,corner,right-foot,4.3,45.3,high-left
2025/26,Dynamo Dresden,1. FC Magdeburg,19,2026-01-24,29,,Mateusz Żukowski,assisted,left-foot,7.4,47.2,low-centre
2025/26,VfL Bochum,SV 07 Elversberg,19,2026-01-25,53,,Lukas Petkov,regular,right-foot,7.9,68.7,high-right
2025/26,1. FC Kaiserslautern,FC Schalke 04,19,2026-01-25,90,,Kenan Karaman,corner,left-foot,6.8,44.9,low-right
2025/26,1. FC Kaiserslautern,FC Schalke 04,19,2026-01-25,87,,Edin Džeko,corner,right-foot,8.2,53.6,low-right
2025/26,1. FC Magdeburg,Hannover 96,20,2026-01-30,56,,Enzo Leopold,assisted,left-foot,15.3,43.2,low-right
2025/26,Hannover 96,1. FC Magdeburg,20,2026-01-30,53,,Barış Atik,assisted,right-foot,19.4,44.8,low-right
2025/26,1. FC Magdeburg,Hannover 96,20,2026-01-30,38,,Daisuke Yokota,fast-break,left-foot,8.2,50.9,low-left
2025/26,1. FC Nürnberg,Preußen Münster,20,2026-01-30,63,,Jorrit Hendrix,assisted,left-foot,13.6,43.6,low-right
2025/26,Holstein Kiel,SpVgg Greuther Fürth,20,2026-01-31,77,,Noel Futkeu,penalty,right-foot,11.5,50,low-centre
2025/26,SpVgg Greuther Fürth,Holstein Kiel,20,2026-01-31,61,,Jonas Meffert,assisted,right-foot,4.3,62.7,high-right
2025/26,Holstein Kiel,SpVgg Greuther Fürth,20,2026-01-31,50,,Aaron Keller,assisted,right-foot,1.7,38.3,low-centre
2025/26,Karlsruher SC,Eintracht Braunschweig,20,2026-01-31,19,,Kevin Ehlers,throw-in-set-piece,head,7,54.8,low-centre
2025/26,1. FC Kaiserslautern,SV 07 Elversberg,20,2026-01-31,86,,Luca Schnellbacher,regular,right-foot,9.7,57.9,low-right
2025/26,1. FC Kaiserslautern,SV 07 Elversberg,20,2026-01-31,55,,David Mokwa,assisted,left-foot,8.3,46.6,low-left
2025/26,1. FC Kaiserslautern,SV 07 Elversberg,20,2026-01-31,45,6,Lukas Petkov,penalty,right-foot,11.5,50,low-centre
2025/26,Hertha BSC,Darmstadt 98,20,2026-02-01,62,,Fraser Hornby,assisted,right-foot,4.5,50.4,low-centre
2025/26,Hertha BSC,Darmstadt 98,20,2026-02-01,39,,Fraser Hornby,penalty,right-foot,11.5,50,low-right
2025/26,SV Darmstadt 98,Hertha BSC,20,2026-02-01,15,,Julian Eitschberger,regular,right-foot,8.5,58.4,low-left
2025/26,SV Darmstadt 98,Hertha BSC,20,2026-02-01,2,,Fabian Reese,assisted,right-foot,11.9,53,high-centre
2025/26,Dynamo Dresden,Arminia Bielefeld,20,2026-02-01,67,,Tim Handwerker,penalty,left-foot,11.5,50,low-right
2025/26,DSC Arminia Bielefeld,SG Dynamo Dresden,20,2026-02-01,43,,Christoph Daferner,corner,head,2.3,46.8,high-centre
2025/26,1. FC Magdeburg,SpVgg Greuther Fürth,21,2026-02-06,47,,Sayfallah Ltaief,regular,right-foot,11.7,64.2,low-left
2025/26,1. FC Magdeburg,SpVgg Greuther Fürth,21,2026-02-06,45,5,Jan Elvedi,corner,right-foot,0.5,50.6,low-centre
2025/26,1. FC Magdeburg,SpVgg Greuther Fürth,21,2026-02-06,43,,Doni Arifi,corner,head,3.2,52.3,low-right
2025/26,SpVgg Greuther Fürth,1. FC Magdeburg,21,2026-02-06,33,,Mateusz Żukowski,assisted,left-foot,11.9,41.7,low-left
2025/26,SpVgg Greuther Fürth,1. FC Magdeburg,21,2026-02-06,29,,Mateusz Żukowski,fast-break,right-foot,18.8,49.3,low-right
2025/26,SpVgg Greuther Fürth,1. FC Magdeburg,21,2026-02-06,23,,Rayan Ghrieb,assisted,left-foot,18.8,51.7,low-left
2025/26,SpVgg Greuther Fürth,1. FC Magdeburg,21,2026-02-06,15,,Mateusz Żukowski,assisted,right-foot,12.7,61.4,low-left
2025/26,SpVgg Greuther Fürth,1. FC Magdeburg,21,2026-02-06,13,,Reno Münz,regular,left-foot,11,69.5,low-left
2025/26,1. FC Magdeburg,SpVgg Greuther Fürth,21,2026-02-06,8,,Brynjar Ingi Bjarnason,corner,head,4.3,49.9,high-centre
2025/26,VfL Bochum,Preußen Münster,21,2026-02-06,35,,Imad Rondić,assisted,left-foot,14.5,41.9,low-centre
2025/26,1. FC Nürnberg,SC Paderborn 07,21,2026-02-07,29,,Laurin Curda,regular,right-foot,5.2,60.5,low-centre
2025/26,1. FC Nürnberg,SC Paderborn 07,21,2026-02-07,26,,Sebastian Klaas,penalty,right-foot,11.5,50,low-right
2025/26,Dynamo Dresden,FC Schalke 04,21,2026-02-07,70,,Edin Džeko,assisted,right-foot,21.9,56.4,low-left
2025/26,Dynamo Dresden,FC Schalke 04,21,2026-02-07,52,,Edin Džeko,assisted,right-foot,11.9,56.4,low-centre
2025/26,1. FC Kaiserslautern,Darmstadt 98,21,2026-02-07,90,2,Luca Marseiler,fast-break,right-foot,15.6,46.7,low-centre
2025/26,1. FC Kaiserslautern,Darmstadt 98,21,2026-02-07,45,,Kai Klefisch,corner,head,7.6,47.7,low-left
2025/26,1. FC Kaiserslautern,Darmstadt 98,21,2026-02-07,29,,Fynn Lakenmacher,assisted,left-foot,8.8,49.1,high-centre
2025/26,1. FC Kaiserslautern,Darmstadt 98,21,2026-02-07,5,,Fraser Hornby,penalty,right-foot,11.5,50,low-centre
2025/26,Karlsruher SC,Fortuna Düsseldorf,21,2026-02-08,41,,Cédric Itten,set-piece,right-foot,4.9,47.4,high-left
2025/26,Holstein Kiel,Hannover 96,21,2026-02-08,78,,Stefán Teitur Þórðarson,assisted,right-foot,5.8,48.3,high-centre
2025/26,Hannover 96,Holstein Kiel,21,2026-02-08,68,,Phil Harres,regular,left-foot,18.3,49.7,low-left
2025/26,Holstein Kiel,Hannover 96,21,2026-02-08,21,,Noël Aséko,fast-break,right-foot,4.3,53.2,high-centre
2025/26,Holstein Kiel,Hannover 96,21,2026-02-08,5,,Benjamin Källman,assisted,left-foot,3.5,51.5,low-centre
2025/26,Eintracht Braunschweig,Arminia Bielefeld,21,2026-02-08,54,,Roberts Uldriķis,corner,head,6.7,52.6,low-left
2025/26,Eintracht Braunschweig,Arminia Bielefeld,21,2026-02-08,31,,Marius Wörl,assisted,right-foot,16.6,32.3,low-right
2025/26,DSC Arminia Bielefeld,Eintracht Braunschweig,21,2026-02-08,23,,Lukas Frenkert,assisted,right-foot,28.5,44.4,high-right
2025/26,DSC Arminia Bielefeld,Eintracht Braunschweig,21,2026-02-08,8,,Sidi Sané,assisted,head,7,47.7,low-left
2025/26,Eintracht Braunschweig,Arminia Bielefeld,21,2026-02-08,1,,Roberts Uldriķis,fast-break,right-foot,17.9,50.5,low-centre
2025/26,Karlsruher SC,1. FC Nürnberg,22,2026-02-13,65,,Mohamed Ali Zoma,assisted,head,4.8,48.1,high-left
2025/26,1. FC Nürnberg,Karlsruher SC,22,2026-02-13,58,,Marvin Wanitzek,penalty,right-foot,11.5,50,low-right
2025/26,Karlsruher SC,1. FC Nürnberg,22,2026-02-13,50,,Mohamed Ali Zoma,assisted,right-foot,10.1,59.5,high-right
2025/26,Karlsruher SC,1. FC Nürnberg,22,2026-02-13,41,,Mohamed Ali Zoma,assisted,right-foot,3.6,44,low-left
2025/26,Karlsruher SC,1. FC Nürnberg,22,2026-02-13,28,,Julian Justvan,fast-break,left-foot,14.2,36.6,high-left
2025/26,Karlsruher SC,1. FC Nürnberg,22,2026-02-13,25,,Julian Justvan,regular,left-foot,16.4,53.2,low-left
2025/26,SpVgg Greuther Fürth,1. FC Kaiserslautern,22,2026-02-14,10,,Semih Şahin,corner,head,15.4,44.2,high-right
2025/26,Eintracht Braunschweig,Darmstadt 98,22,2026-02-14,78,,Matej Maglica,corner,left-foot,4.9,46,low-left
2025/26,Eintracht Braunschweig,Darmstadt 98,22,2026-02-14,56,,Matej Maglica,corner,head,8.7,51.2,low-right
2025/26,SV Darmstadt 98,Eintracht Braunschweig,22,2026-02-14,45,2,Johan Gomez,throw-in-set-piece,left-foot,3.3,55.8,low-right
2025/26,SV Darmstadt 98,Eintracht Braunschweig,22,2026-02-14,41,,Mehmet Aydın,penalty,right-foot,11.5,50,low-left
2025/26,Hannover 96,Hertha BSC,22,2026-02-14,90,2,Julian Eitschberger,set-piece,right-foot,7.1,51.3,high-centre
2025/26,Hertha BSC,Hannover 96,22,2026-02-14,71,,Noah Weißhaupt,assisted,right-foot,11.9,49.5,high-right
2025/26,Hannover 96,Hertha BSC,22,2026-02-14,53,,Fabian Reese,penalty,right-foot,11.5,50,low-left
2025/26,Hertha BSC,Hannover 96,22,2026-02-14,29,,Benjamin Källman,assisted,right-foot,9.7,51.1,high-right
2025/26,Hertha BSC,Hannover 96,22,2026-02-14,8,,Boris Tomiak,set-piece,right-foot,2.6,54.2,low-left
2025/26,Dynamo Dresden,SV 07 Elversberg,22,2026-02-14,78,,Lukas Petkov,regular,right-foot,13.8,50.7,low-left
2025/26,Dynamo Dresden,SV 07 Elversberg,22,2026-02-14,58,,Nicholas Mickelson,assisted,right-foot,10.2,32.1,low-centre
2025/26,Holstein Kiel,FC Schalke 04,22,2026-02-15,29,,Hasan Kuruçay,corner,head,1.4,53.8,low-right
2025/26,Holstein Kiel,FC Schalke 04,22,2026-02-15,16,,Kenan Karaman,corner,right-foot,3.2,48.7,low-centre
2025/26,1. FC Magdeburg,Arminia Bielefeld,22,2026-02-15,88,,Benjamin Boakye,fast-break,right-foot,10.8,67.7,low-centre
2025/26,1. FC Magdeburg,Arminia Bielefeld,22,2026-02-15,32,,Maximilian Bauer,corner,head,5.5,50.5,low-centre
2025/26,1. FC Nürnberg,VfL Bochum 1848,23,2026-02-20,72,,Francis Onyeka,penalty,left-foot,11.5,50,high-left
2025/26,VfL Bochum,1. FC Nürnberg,23,2026-02-20,38,,Mohamed Ali Zoma,fast-break,right-foot,5.8,51.1,low-left
2025/26,DSC Arminia Bielefeld,SpVgg Greuther Fürth,23,2026-02-20,53,,Dennis Srbeny,fast-break,right-foot,2.8,47.5,low-centre
2025/26,SpVgg Greuther Fürth,Arminia Bielefeld,23,2026-02-20,19,,Robin Knoche,corner,head,4.8,48.5,high-left
2025/26,DSC Arminia Bielefeld,SpVgg Greuther Fürth,23,2026-02-20,4,,Branimir Hrgota,throw-in-set-piece,head,3.5,46.4,high-left
2025/26,Eintracht Braunschweig,SV 07 Elversberg,23,2026-02-21,75,,David Mokwa,fast-break,right-foot,12.2,47.4,low-centre
2025/26,Eintracht Braunschweig,SV 07 Elversberg,23,2026-02-21,23,,Lukas Petkov,assisted,right-foot,9.4,72.4,low-right
2025/26,Eintracht Braunschweig,SV 07 Elversberg,23,2026-02-21,5,,Lukas Petkov,assisted,right-foot,13,71.1,low-left
2025/26,Karlsruher SC,Holstein Kiel,23,2026-02-21,90,6,Marcus Müller,fast-break,right-foot,8.5,50.3,low-right
2025/26,Holstein Kiel,Karlsruher SC,23,2026-02-21,83,,Marvin Wanitzek,fast-break,right-foot,12.8,44.8,low-left
2025/26,Holstein Kiel,Karlsruher SC,23,2026-02-21,61,,Louey Ben Farhat,fast-break,left-foot,3.9,58.4,low-centre
2025/26,Holstein Kiel,Karlsruher SC,23,2026-02-21,8,,Marvin Wanitzek,fast-break,left-foot,12.9,39.3,low-right
2025/26,SV Darmstadt 98,Fortuna Düsseldorf,23,2026-02-21,11,,Jordy de Wijs,corner,head,4.9,52.8,high-left
2025/26,1. FC Magdeburg,FC Schalke 04,23,2026-02-21,68,,Kenan Karaman,regular,right-foot,9.9,52.8,low-centre
2025/26,1. FC Magdeburg,FC Schalke 04,23,2026-02-21,65,,Dejan Ljubičić,assisted,right-foot,11.4,52.1,high-centre
2025/26,1. FC Magdeburg,FC Schalke 04,23,2026-02-21,49,,Kenan Karaman,penalty,right-foot,11.5,50,low-left
2025/26,1. FC Magdeburg,FC Schalke 04,23,2026-02-21,39,,Edin Džeko,assisted,head,8.3,53.4,low-right
2025/26,1. FC Magdeburg,FC Schalke 04,23,2026-02-21,15,,Jean Hugonet,regular,right-foot,5.5,32.7,low-right
2025/26,Hertha BSC,SC Paderborn 07,23,2026-02-22,68,,Raphael Obermair,regular,right-foot,15.8,38.7,low-left
2025/26,Hertha BSC,SC Paderborn 07,23,2026-02-22,65,,Mika Baur,penalty,right-foot,11.5,50,low-right
2025/26,Hertha BSC,SC Paderborn 07,23,2026-02-22,45,4,Nick Bätzner,regular,right-foot,8.8,48.7,high-left
2025/26,Hertha BSC,SC Paderborn 07,23,2026-02-22,20,,Tjark Lasse Scheller,corner,right-foot,2.1,48.7,low-centre
2025/26,Hertha BSC,SC Paderborn 07,23,2026-02-22,7,,Sebastian Klaas,assisted,right-foot,5.2,50.6,low-left
2025/26,1. FC Kaiserslautern,Preußen Münster,23,2026-02-22,87,,Jannis Heuer,throw-in-set-piece,right-foot,4.3,56,high-right
2025/26,1. FC Kaiserslautern,Preußen Münster,23,2026-02-22,21,,Jannis Heuer,corner,right-foot,7.7,51.5,low-right
2025/26,VfL Bochum,Fortuna Düsseldorf,24,2026-02-27,57,,Florent Muslija,assisted,right-foot,18.1,31.6,high-right
2025/26,VfL Bochum,Fortuna Düsseldorf,24,2026-02-27,45,,Cédric Itten,assisted,head,8.3,50.3,low-left
2025/26,Dynamo Dresden,Darmstadt 98,24,2026-02-27,90,,Yosuke Furukawa,corner,right-foot,5.4,43.2,high-left
2025/26,SV Darmstadt 98,SG Dynamo Dresden,24,2026-02-27,81,,Christoph Daferner,fast-break,left-foot,8.8,49.3,low-centre
2025/26,SV Darmstadt 98,SG Dynamo Dresden,24,2026-02-27,45,2,Vincent Vermeij,fast-break,right-foot,10.2,50.7,low-right
2025/26,SV Darmstadt 98,SG Dynamo Dresden,24,2026-02-27,45,,Vincent Vermeij,assisted,head,6.7,44.8,low-left
2025/26,Holstein Kiel,SV 07 Elversberg,24,2026-02-28,61,,David Mokwa,fast-break,right-foot,4.9,52.6,low-right
2025/26,1. FC Kaiserslautern,SC Paderborn 07,24,2026-02-28,90,5,Filip Bilbija,penalty,right-foot,11.5,50,high-left
2025/26,1. FC Kaiserslautern,SC Paderborn 07,24,2026-02-28,45,7,Calvin Brackelmann,free-kick,left-foot,17.8,62.7,high-left
2025/26,DSC Arminia Bielefeld,Hannover 96,24,2026-02-28,63,,Enzo Leopold,penalty,right-foot,11.5,50,low-left
2025/26,SpVgg Greuther Fürth,FC Schalke 04,24,2026-02-28,75,,Dejan Ljubičić,regular,right-foot,25.6,35.7,high-right
2025/26,1. FC Magdeburg,Karlsruher SC,24,2026-03-01,87,,Marvin Wanitzek,fast-break,right-foot,2.9,60.9,high-right
2025/26,Karlsruher SC,1. FC Magdeburg,24,2026-03-01,66,,Dariusz Stalmach,assisted,right-foot,11.1,45.6,low-right
2025/26,1. FC Magdeburg,Karlsruher SC,24,2026-03-01,53,,Louey Ben Farhat,regular,right-foot,18.8,47.3,low-right
2025/26,1. FC Magdeburg,Karlsruher SC,24,2026-03-01,20,,Louey Ben Farhat,fast-break,right-foot,14.4,41.9,high-left
2025/26,1. FC Nürnberg,Hertha BSC,24,2026-03-01,88,,Josip Brekalo,regular,right-foot,14.8,37.2,low-right
2025/26,Hertha BSC,1. FC Nürnberg,24,2026-03-01,45,1,Tom Baack,assisted,head,5.2,49.7,low-centre
2025/26,1. FC Nürnberg,Hertha BSC,24,2026-03-01,20,,Josip Brekalo,fast-break,left-foot,15.4,31.3,low-right
2025/26,Eintracht Braunschweig,Preußen Münster,24,2026-03-01,74,,Oliver Batista Meier,free-kick,right-foot,19.7,76.1,high-right
2025/26,Eintracht Braunschweig,Preußen Münster,24,2026-03-01,71,,Jorrit Hendrix,assisted,right-foot,13.2,60.3,low-left
2025/26,1. FC Magdeburg,SV 07 Elversberg,25,2026-03-06,85,,Łukasz Poręba,throw-in-set-piece,right-foot,18.2,44.2,high-right
2025/26,DSC Arminia Bielefeld,FC Schalke 04,25,2026-03-06,15,,Edin Džeko,corner,right-foot,4.5,51.5,low-centre
2025/26,Eintracht Braunschweig,SC Paderborn 07,25,2026-03-07,90,8,Sven Michel,assisted,head,8.5,49.7,low-right
2025/26,Holstein Kiel,Darmstadt 98,25,2026-03-07,52,,Niklas Schmidt,assisted,right-foot,13.9,50.1,low-right
2025/26,Holstein Kiel,Darmstadt 98,25,2026-03-07,48,,Isac Lidberg,assisted,right-foot,3.8,57.3,low-centre
2025/26,1. FC Nürnberg,Fortuna Düsseldorf,25,2026-03-07,53,,Shinta Appelkamp,regular,left-foot,2.1,56.2,high-centre
2025/26,1. FC Kaiserslautern,VfL Bochum 1848,25,2026-03-07,69,,Mats Pannewig,corner,left-foot,2,46,high-centre
2025/26,1. FC Kaiserslautern,VfL Bochum 1848,25,2026-03-07,66,,Callum Marshall,assisted,right-foot,8,61.7,low-left
2025/26,VfL Bochum,1. FC Kaiserslautern,25,2026-03-07,50,,Marlon Ritter,assisted,right-foot,3.9,35,low-centre
2025/26,VfL Bochum,1. FC Kaiserslautern,25,2026-03-07,30,,Norman Bassette,assisted,left-foot,3.6,46.4,high-centre
2025/26,1. FC Kaiserslautern,VfL Bochum 1848,25,2026-03-07,9,,Philipp Hofmann,assisted,head,8.5,50.9,low-left
2025/26,Dynamo Dresden,Karlsruher SC,25,2026-03-08,90,4,Marvin Wanitzek,penalty,right-foot,11.5,50,low-centre
2025/26,Dynamo Dresden,Karlsruher SC,25,2026-03-08,68,,Louey Ben Farhat,assisted,right-foot,15.3,54.2,high-right
2025/26,Karlsruher SC,SG Dynamo Dresden,25,2026-03-08,44,,Niklas Hauptmann,fast-break,left-foot,7.3,48.7,low-left
2025/26,Karlsruher SC,SG Dynamo Dresden,25,2026-03-08,28,,Ben Bobzien,assisted,left-foot,3.9,54.4,low-centre
2025/26,Dynamo Dresden,Karlsruher SC,25,2026-03-08,23,,Marvin Wanitzek,penalty,right-foot,11.5,50,low-left
2025/26,Karlsruher SC,SG Dynamo Dresden,25,2026-03-08,3,,Niklas Hauptmann,assisted,left-foot,9.9,36.4,low-right
2025/26,Hannover 96,SpVgg Greuther Fürth,25,2026-03-08,57,,Jannik Dehm,fast-break,right-foot,14.7,69.6,high-left
2025/26,SpVgg Greuther Fürth,Hannover 96,25,2026-03-08,50,,Maurice Neubauer,assisted,right-foot,10,71.5,low-right
2025/26,Hannover 96,SpVgg Greuther Fürth,25,2026-03-08,32,,Noel Futkeu,regular,right-foot,11.4,41.3,high-left
2025/26,Hertha BSC,Preußen Münster,25,2026-03-08,46,,Jannis Heuer,corner,head,7.1,50.5,low-right
2025/26,1. FC Magdeburg,Darmstadt 98,26,2026-03-13,67,,Fabian Nürnberger,assisted,left-foot,22,46.4,high-left
2025/26,SV Darmstadt 98,1. FC Magdeburg,26,2026-03-13,62,,Fabian Nürnberger,regular,other,4.5,48.5,low-left
2025/26,Holstein Kiel,1. FC Nürnberg,26,2026-03-14,72,,Mohamed Ali Zoma,assisted,right-foot,13.5,41.9,low-right
2025/26,1. FC Nürnberg,Holstein Kiel,26,2026-03-14,45,8,Kasper Davidsen,assisted,head,6.7,45.4,low-right
2025/26,1. FC Nürnberg,Holstein Kiel,26,2026-03-14,29,,Adrián Kaprálik,regular,right-foot,4.5,46.6,low-left
2025/26,Holstein Kiel,1. FC Nürnberg,26,2026-03-14,22,,Julian Justvan,assisted,left-foot,9.1,33.8,low-right
2025/26,Holstein Kiel,1. FC Nürnberg,26,2026-03-14,14,,Julian Justvan,fast-break,right-foot,7.4,55.5,low-right
2025/26,DSC Arminia Bielefeld,SC Paderborn 07,26,2026-03-14,62,,Stefano Marino,assisted,left-foot,4.6,47.4,high-left
2025/26,DSC Arminia Bielefeld,SC Paderborn 07,26,2026-03-14,53,,Stefano Marino,assisted,left-foot,19.8,54,low-centre
2025/26,Hertha BSC,VfL Bochum 1848,26,2026-03-14,90,1,Leandro Morgalla,corner,right-foot,5.7,45,low-left
2025/26,VfL Bochum,Hertha BSC,26,2026-03-14,45,,Dawid Kownacki,penalty,right-foot,11.5,50,low-left
2025/26,Hannover 96,FC Schalke 04,26,2026-03-15,38,,Kenan Karaman,assisted,head,8.2,52.6,low-left
2025/26,Hannover 96,FC Schalke 04,26,2026-03-15,29,,Edin Džeko,assisted,right-foot,12.6,52.8,low-centre
2025/26,Karlsruher SC,1. FC Kaiserslautern,26,2026-03-15,90,4,Mahir Emreli,assisted,right-foot,12,32.9,low-left
2025/26,Karlsruher SC,1. FC Kaiserslautern,26,2026-03-15,14,,Mergim Berisha,set-piece,right-foot,3.5,49.9,low-centre
2025/26,Karlsruher SC,1. FC Kaiserslautern,26,2026-03-15,3,,Semih Şahin,assisted,right-foot,18.1,49.4,low-left
2025/26,SpVgg Greuther Fürth,Karlsruher SC,27,2026-03-20,90,7,Fabian Schleusener,assisted,right-foot,11,54.4,low-left
2025/26,SpVgg Greuther Fürth,Karlsruher SC,27,2026-03-20,90,3,Shio Fukuda ,set-piece,head,1.7,45.1,high-left
2025/26,SpVgg Greuther Fürth,Karlsruher SC,27,2026-03-20,46,,Rafael Pinto Pedrosa,assisted,right-foot,6,54,high-centre
2025/26,Karlsruher SC,SpVgg Greuther Fürth,27,2026-03-20,5,,Noel Futkeu,regular,left-foot,7.3,46.8,high-left
2025/26,Eintracht Braunschweig,Hannover 96,27,2026-03-20,30,,Maik Nawrocki,throw-in-set-piece,head,6.1,51.9,high-centre
2025/26,DSC Arminia Bielefeld,SV 07 Elversberg,27,2026-03-21,76,,Amara Condé,assisted,right-foot,13.2,41.9,low-right
2025/26,DSC Arminia Bielefeld,SV 07 Elversberg,27,2026-03-21,69,,Lukas Petkov,corner,left-foot,3.9,65.2,low-left
2025/26,DSC Arminia Bielefeld,SV 07 Elversberg,27,2026-03-21,38,,Lukas Petkov,assisted,right-foot,13.5,60.7,high-right
2025/26,Dynamo Dresden,SC Paderborn 07,27,2026-03-21,85,,Steffen Tigges,corner,head,3,42.5,low-centre
2025/26,Dynamo Dresden,SC Paderborn 07,27,2026-03-21,66,,Steffen Tigges,throw-in-set-piece,head,6.9,48.1,low-left
2025/26,1. FC Kaiserslautern,1. FC Nürnberg,27,2026-03-21,83,,Luka Lochoshvili,corner,left-foot,10.2,35.2,low-right
2025/26,1. FC Kaiserslautern,1. FC Nürnberg,27,2026-03-21,58,,Adam Markhiev,penalty,right-foot,11.5,50,low-centre
2025/26,1. FC Kaiserslautern,1. FC Nürnberg,27,2026-03-21,2,,Luka Lochoshvili,corner,head,4.2,50.3,low-centre
2025/26,SV Darmstadt 98,FC Schalke 04,27,2026-03-21,44,,Moussa Sylla,corner,head,2.6,50.7,low-left
2025/26,VfL Bochum,Holstein Kiel,27,2026-03-22,70,,Jonas Therkelsen,corner,right-foot,22.8,52.4,low-right
2025/26,Holstein Kiel,VfL Bochum 1848,27,2026-03-22,66,,Philipp Hofmann,set-piece,head,10.8,48.9,low-right
2025/26,VfL Bochum,Holstein Kiel,27,2026-03-22,45,1,Phil Harres,assisted,head,4,47.9,low-right
2025/26,Holstein Kiel,VfL Bochum 1848,27,2026-03-22,14,,Philipp Hofmann,corner,right-foot,7.4,50.1,low-centre
2025/26,VfL Bochum,Holstein Kiel,27,2026-03-22,8,,Kasper Davidsen,fast-break,head,5.4,49.9,high-centre
2025/26,Hertha BSC,Fortuna Düsseldorf,27,2026-03-22,54,,Cédric Itten,assisted,head,7.3,51.4,high-right
2025/26,Hertha BSC,Fortuna Düsseldorf,27,2026-03-22,4,,Linus Gechter,regular,other,3.9,54.2,low-centre
2025/26,1. FC Magdeburg,Preußen Münster,27,2026-03-22,80,,Etienne Amenyido,assisted,right-foot,7.3,48.1,high-left
2025/26,VfL Bochum,1. FC Magdeburg,28,2026-04-04,73,,Mateusz Żukowski,assisted,right-foot,12.8,60.5,low-left
2025/26,VfL Bochum,1. FC Magdeburg,28,2026-04-04,71,,Mateusz Żukowski,fast-break,right-foot,9.3,42.7,low-left
2025/26,1. FC Magdeburg,VfL Bochum 1848,28,2026-04-04,56,,Philipp Hofmann,assisted,left-foot,11.9,54,low-left
2025/26,VfL Bochum,1. FC Magdeburg,28,2026-04-04,44,,Barış Atik,assisted,left-foot,6.7,50.4,low-right
2025/26,VfL Bochum,1. FC Magdeburg,28,2026-04-04,7,,Lubambo Musonda,assisted,head,9.8,44,low-left
2025/26,SV Darmstadt 98,Arminia Bielefeld,28,2026-04-04,81,,Jannik Rochelt,regular,left-foot,9.9,41.3,low-right
2025/26,SV Darmstadt 98,Arminia Bielefeld,28,2026-04-04,47,,Semir Telalović,assisted,head,7.6,59.1,high-right
2025/26,DSC Arminia Bielefeld,Darmstadt 98,28,2026-04-04,6,,Matej Maglica,set-piece,left-foot,21.7,60.8,low-right
2025/26,Dynamo Dresden,Hertha BSC,28,2026-04-04,80,,Marten Winkler,fast-break,head,7,48.9,high-left
2025/26,Hannover 96,SV 07 Elversberg,28,2026-04-05,56,,Lukas Petkov,penalty,right-foot,11.5,50,high-left
2025/26,SpVgg Greuther Fürth,SC Paderborn 07,28,2026-04-05,86,,Filip Bilbija,fast-break,right-foot,9.4,47.4,low-right
2025/26,SpVgg Greuther Fürth,SC Paderborn 07,28,2026-04-05,51,,Stefano Marino,assisted,right-foot,13,62.8,low-right
2025/26,Karlsruher SC,FC Schalke 04,28,2026-04-05,72,,Kenan Karaman,assisted,head,10.8,37,low-right
2025/26,1. FC Nürnberg,Eintracht Braunschweig,28,2026-04-05,61,,Jovan Mijatović,assisted,left-foot,10.2,47.7,low-right
2025/26,Eintracht Braunschweig,1. FC Nürnberg,28,2026-04-05,17,,Rabby Nzingoula,assisted,right-foot,9.1,60.5,high-left
2025/26,Holstein Kiel,Fortuna Düsseldorf,29,2026-04-10,71,,Cédric Itten,assisted,left-foot,10.3,36.2,low-left
2025/26,DSC Arminia Bielefeld,Karlsruher SC,29,2026-04-10,89,,Shio Fukuda ,assisted,right-foot,13,60.5,low-left
2025/26,DSC Arminia Bielefeld,Karlsruher SC,29,2026-04-10,77,,Marvin Wanitzek,free-kick,right-foot,38,90.6,low-left
2025/26,DSC Arminia Bielefeld,Karlsruher SC,29,2026-04-10,62,,Christoph Kobald,regular,right-foot,18.7,38.7,low-right
2025/26,DSC Arminia Bielefeld,Karlsruher SC,29,2026-04-10,18,,Louey Ben Farhat,fast-break,left-foot,14.7,42.7,low-left
2025/26,Karlsruher SC,Arminia Bielefeld,29,2026-04-10,11,,Robin Knoche,throw-in-set-piece,right-foot,7.4,47.9,low-right
2025/26,Hertha BSC,1. FC Kaiserslautern,29,2026-04-11,47,,Mergim Berisha,corner,left-foot,4.3,47.2,low-centre
2025/26,1. FC Nürnberg,SG Dynamo Dresden,29,2026-04-11,83,,Ben Bobzien,fast-break,left-foot,15.7,50.3,low-right
2025/26,1. FC Nürnberg,SG Dynamo Dresden,29,2026-04-11,55,,Henri Koudossou,regular,right-foot,6.6,49.3,low-right
2025/26,SV Darmstadt 98,Hannover 96,29,2026-04-11,56,,Stefán Teitur Þórðarson,set-piece,head,1.8,53.8,low-right
2025/26,SV Darmstadt 98,Hannover 96,29,2026-04-11,14,,Maurice Neubauer,assisted,left-foot,18.8,37.6,low-right
2025/26,Eintracht Braunschweig,VfL Bochum 1848,29,2026-04-12,90,5,Philipp Hofmann,penalty,left-foot,11.5,50,high-right
2025/26,VfL Bochum,Eintracht Braunschweig,29,2026-04-12,84,,Lino Tempelmann,throw-in-set-piece,right-foot,10.4,54,low-centre
2025/26,Eintracht Braunschweig,VfL Bochum 1848,29,2026-04-12,68,,Farid Alfa-Ruprecht,fast-break,right-foot,20.1,36.8,low-right
2025/26,Eintracht Braunschweig,VfL Bochum 1848,29,2026-04-12,45,5,Koji Miyoshi,assisted,left-foot,13.6,61.5,high-left
2025/26,Eintracht Braunschweig,VfL Bochum 1848,29,2026-04-12,13,,Gerrit Holtmann,assisted,left-foot,13.3,33.8,low-right
2025/26,1. FC Magdeburg,SC Paderborn 07,29,2026-04-12,78,,Filip Bilbija,assisted,left-foot,24.1,38,high-left
2025/26,1. FC Magdeburg,SC Paderborn 07,29,2026-04-12,45,2,Filip Bilbija,assisted,head,7.7,44.2,low-right
2025/26,1. FC Magdeburg,SC Paderborn 07,29,2026-04-12,29,,Filip Bilbija,corner,right-foot,2.1,51.1,low-left
2025/26,1. FC Magdeburg,SC Paderborn 07,29,2026-04-12,19,,Filip Bilbija,set-piece,right-foot,8.5,54.6,low-left
2025/26,1. FC Kaiserslautern,Holstein Kiel,30,2026-04-17,40,,David Zec,corner,head,5.4,51.9,low-right
2025/26,1. FC Kaiserslautern,Holstein Kiel,30,2026-04-17,36,,Phil Harres,assisted,right-foot,5.7,70.7,low-right
2025/26,1. FC Kaiserslautern,Holstein Kiel,30,2026-04-17,16,,Umut Tohumcu,assisted,right-foot,23.4,53.6,high-right
2025/26,Karlsruher SC,SV 07 Elversberg,30,2026-04-17,62,,Tom Zimmerschied,assisted,right-foot,9.7,44.4,high-right
2025/26,Karlsruher SC,SV 07 Elversberg,30,2026-04-17,53,,Immanuel Pherai,assisted,left-foot,14.8,48.1,high-left
2025/26,Karlsruher SC,SV 07 Elversberg,30,2026-04-17,26,,Immanuel Pherai,assisted,left-foot,10.7,51.7,high-left
2025/26,VfL Bochum,SG Dynamo Dresden,30,2026-04-18,58,,Vincent Vermeij,assisted,left-foot,3.8,46.2,low-centre
2025/26,VfL Bochum,SG Dynamo Dresden,30,2026-04-18,5,,Jason Ceka,assisted,left-foot,9.2,57.9,low-right
2025/26,1. FC Nürnberg,Arminia Bielefeld,30,2026-04-18,81,,Tim Handwerker,free-kick,left-foot,18.4,54.2,low-right
2025/26,DSC Arminia Bielefeld,1. FC Nürnberg,30,2026-04-18,8,,Mohamed Ali Zoma,assisted,right-foot,16.7,50.3,low-left
2025/26,Hannover 96,SC Paderborn 07,30,2026-04-18,40,,Felix Götze,corner,right-foot,0.8,53.2,low-right
2025/26,SV Darmstadt 98,SpVgg Greuther Fürth,30,2026-04-19,90,3,Noel Futkeu,assisted,right-foot,4.4,50.4,high-left
2025/26,SV Darmstadt 98,SpVgg Greuther Fürth,30,2026-04-19,85,,Noel Futkeu,regular,right-foot,3.6,52.3,low-centre
2025/26,SpVgg Greuther Fürth,Darmstadt 98,30,2026-04-19,77,,Yosuke Furukawa,assisted,right-foot,7.6,50.4,low-right
2025/26,SV Darmstadt 98,SpVgg Greuther Fürth,30,2026-04-19,41,,Noel Futkeu,penalty,right-foot,11.5,50,low-left
2025/26,SpVgg Greuther Fürth,Darmstadt 98,30,2026-04-19,35,,Isac Lidberg,regular,right-foot,6.3,55.4,low-left
2025/26,Hertha BSC,Eintracht Braunschweig,30,2026-04-19,78,,Max Marie,assisted,right-foot,18.9,54,high-left
2025/26,Eintracht Braunschweig,Hertha BSC,30,2026-04-19,11,,Fabian Reese,set-piece,right-foot,6.6,54,low-centre
2025/26,1. FC Kaiserslautern,Eintracht Braunschweig,31,2026-04-24,72,,Erencan Yardımcı,fast-break,right-foot,9.2,65,low-left
2025/26,1. FC Kaiserslautern,Eintracht Braunschweig,31,2026-04-24,14,,Faride Alidou,regular,right-foot,6.8,43.6,low-centre
2025/26,Dynamo Dresden,Fortuna Düsseldorf,31,2026-04-24,58,,Luca Raimund,assisted,left-foot,13.8,47.8,low-centre
2025/26,Dynamo Dresden,Fortuna Düsseldorf,31,2026-04-24,17,,Emmanuel Iyoha,corner,left-foot,12.8,59.5,low-right
2025/26,Dynamo Dresden,Fortuna Düsseldorf,31,2026-04-24,11,,Cédric Itten,fast-break,right-foot,18.2,54.6,low-centre
2025/26,Karlsruher SC,Hannover 96,31,2026-04-25,90,10,Daisuke Yokota,penalty,left-foot,11.5,50,low-left
2025/26,Karlsruher SC,Hannover 96,31,2026-04-25,82,,Kolja Oudenne,assisted,right-foot,8.9,32.9,low-right
2025/26,Hannover 96,Karlsruher SC,31,2026-04-25,44,,Fabian Schleusener,assisted,right-foot,9.1,58.3,high-right
2025/26,Karlsruher SC,Hannover 96,31,2026-04-25,18,,Mustapha Bundu,assisted,right-foot,9.4,57.5,low-left
2025/26,Hertha BSC,Holstein Kiel,31,2026-04-25,63,,Jonas Therkelsen,throw-in-set-piece,right-foot,10.1,58.9,low-right
2025/26,DSC Arminia Bielefeld,Preußen Münster,31,2026-04-25,86,,Maximilian Großer,regular,head,7,49.5,low-left
2025/26,DSC Arminia Bielefeld,Preußen Münster,31,2026-04-25,2,,Yassine Bouchama,regular,head,7.9,50.5,low-right
2025/26,SV Darmstadt 98,SV 07 Elversberg,31,2026-04-25,45,2,Lukas Petkov,free-kick,right-foot,18.1,35.8,high-left
2025/26,SV Darmstadt 98,SV 07 Elversberg,31,2026-04-25,34,,Maximilian Rohr,assisted,right-foot,24.7,46.8,low-right
2025/26,SV Darmstadt 98,SV 07 Elversberg,31,2026-04-25,26,,Tom Zimmerschied,regular,right-foot,12.8,52.6,low-left
2025/26,VfL Bochum,SpVgg Greuther Fürth,31,2026-04-26,88,,Noel Futkeu,assisted,left-foot,5.6,47.8,low-left
2025/26,SpVgg Greuther Fürth,VfL Bochum 1848,31,2026-04-26,56,,Philipp Hofmann,corner,head,4.6,57,low-centre
2025/26,SpVgg Greuther Fürth,VfL Bochum 1848,31,2026-04-26,1,,Philipp Hofmann,assisted,left-foot,8.3,55.2,low-right
2025/26,1. FC Magdeburg,1. FC Nürnberg,31,2026-04-26,45,2,Rafael Lubach,assisted,right-foot,7.5,47.4,low-left
2025/26,Eintracht Braunschweig,Holstein Kiel,32,2026-05-02,87,,Phil Harres,fast-break,right-foot,12.2,53,low-right
2025/26,Eintracht Braunschweig,Holstein Kiel,32,2026-05-02,31,,Phil Harres,assisted,left-foot,7.3,48.1,low-centre
2025/26,1. FC Kaiserslautern,SG Dynamo Dresden,32,2026-05-02,68,,Vincent Vermeij,fast-break,left-foot,9.8,59.7,low-right
2025/26,DSC Arminia Bielefeld,VfL Bochum 1848,32,2026-05-02,79,,Moritz Kwarteng,fast-break,right-foot,16,50.9,low-right
2025/26,VfL Bochum,Arminia Bielefeld,32,2026-05-02,27,,Joel Grodowski,penalty,right-foot,11.5,50,low-right
2025/26,Hertha BSC,1. FC Magdeburg,32,2026-05-03,61,,Laurin Ulrich,regular,right-foot,4.9,50.5,high-centre
2025/26,SpVgg Greuther Fürth,1. FC Nürnberg,32,2026-05-03,45,3,Fabio Gruber,regular,right-foot,2.4,50.7,low-right
2025/26,1. FC Nürnberg,SpVgg Greuther Fürth,32,2026-05-03,13,,Noel Futkeu,regular,right-foot,6.7,56.6,low-left
2025/26,SV Darmstadt 98,Karlsruher SC,32,2026-05-03,86,,Shio Fukuda ,assisted,right-foot,6.6,51.3,low-right
2025/26,Karlsruher SC,Darmstadt 98,32,2026-05-03,70,,Isac Lidberg,throw-in-set-piece,head,5.7,54.4,low-left
2025/26,SV Darmstadt 98,Karlsruher SC,32,2026-05-03,58,,Marvin Wanitzek,free-kick,right-foot,22.5,38.5,low-right
2025/26,Hannover 96,Preußen Münster,32,2026-05-03,90,3,Jorrit Hendrix,regular,left-foot,26.3,60.5,low-right
2025/26,Hannover 96,Preußen Münster,32,2026-05-03,39,,Shin Yamada,assisted,right-foot,4.9,53.4,high-centre
2025/26,Hannover 96,Preußen Münster,32,2026-05-03,25,,Imad Rondić,corner,head,4.3,47,high-right
2025/26,Karlsruher SC,SC Paderborn 07,33,2026-05-08,85,,Sebastian Klaas,throw-in-set-piece,right-foot,4.8,54.9,low-centre
2025/26,Karlsruher SC,SC Paderborn 07,33,2026-05-08,20,,Filip Bilbija,regular,right-foot,2.6,47.7,low-centre
2025/26,DSC Arminia Bielefeld,1. FC Kaiserslautern,33,2026-05-08,29,,Simon Asta,assisted,right-foot,9.3,63.4,low-left
2025/26,DSC Arminia Bielefeld,1. FC Kaiserslautern,33,2026-05-08,15,,Marlon Ritter,penalty,right-foot,11.5,50,low-left
2025/26,1. FC Magdeburg,Holstein Kiel,33,2026-05-09,90,2,Adrián Kaprálik,assisted,right-foot,7.4,53.2,low-right
2025/26,Holstein Kiel,1. FC Magdeburg,33,2026-05-09,56,,Barış Atik,corner,right-foot,0.3,0.7,low-centre
2025/26,Holstein Kiel,1. FC Magdeburg,33,2026-05-09,45,2,Dariusz Stalmach,corner,head,7.5,47.2,low-right
2025/26,Holstein Kiel,1. FC Magdeburg,33,2026-05-09,40,,Jean Hugonet,corner,right-foot,3.9,48.1,high-left
2025/26,Hannover 96,VfL Bochum 1848,33,2026-05-09,55,,Farid Alfa-Ruprecht,assisted,left-foot,12.9,75.2,high-left
2025/26,VfL Bochum,Hannover 96,33,2026-05-09,50,,Maik Nawrocki,corner,head,2.6,55.4,low-right
2025/26,Eintracht Braunschweig,SG Dynamo Dresden,33,2026-05-09,86,,Stefan Kutschke,corner,head,3.8,55.6,high-left
2025/26,Dynamo Dresden,Eintracht Braunschweig,33,2026-05-09,50,,Faride Alidou,assisted,right-foot,4.8,50.1,high-right
2025/26,Dynamo Dresden,Eintracht Braunschweig,33,2026-05-09,20,,Florian Flick,regular,right-foot,14.7,50.9,low-left
2025/26,Hertha BSC,SpVgg Greuther Fürth,33,2026-05-10,88,,Noel Futkeu,assisted,head,5.1,49.9,high-centre
2025/26,SpVgg Greuther Fürth,Hertha BSC,33,2026-05-10,84,,Michaël Cuisance,assisted,left-foot,21,50.9,high-left
2025/26,SpVgg Greuther Fürth,Hertha BSC,33,2026-05-10,55,,Kennet Eichhorn,assisted,right-foot,9.1,51.1,high-left
2025/26,SV Darmstadt 98,Preußen Münster,33,2026-05-10,8,,Shin Yamada,fast-break,right-foot,15.1,50.6,low-centre
2025/26,1. FC Magdeburg,1. FC Kaiserslautern,34,2026-05-17,63,,Marlon Ritter,penalty,right-foot,11.5,50,low-left
2025/26,Karlsruher SC,VfL Bochum 1848,34,2026-05-17,70,,Moritz Kwarteng,assisted,right-foot,25.4,40.9,low-left
2025/26,VfL Bochum,Karlsruher SC,34,2026-05-17,19,,Shio Fukuda ,corner,left-foot,2.9,52.3,low-left
2025/26,Karlsruher SC,VfL Bochum 1848,34,2026-05-17,4,,Kjell Wätjen,fast-break,right-foot,13,66.2,low-centre
2025/26,Hannover 96,1. FC Nürnberg,34,2026-05-17,83,,Luka Lochoshvili,set-piece,head,7.6,55.2,low-right
2025/26,1. FC Nürnberg,Hannover 96,34,2026-05-17,51,,Luka Lochoshvili,corner,right-foot,2,46.6,low-left
2025/26,Hannover 96,1. FC Nürnberg,34,2026-05-17,47,,Mohamed Ali Zoma,assisted,right-foot,8.9,62,high-centre
2025/26,1. FC Nürnberg,Hannover 96,34,2026-05-17,45,,Waniss Taibi,assisted,right-foot,12.2,46,low-right
2025/26,1. FC Nürnberg,Hannover 96,34,2026-05-17,30,,Kolja Oudenne,throw-in-set-piece,left-foot,8.7,54.9,high-left
2025/26,Hannover 96,1. FC Nürnberg,34,2026-05-17,25,,Mohamed Ali Zoma,assisted,right-foot,20.3,34.4,low-left
2025/26,SV Darmstadt 98,SC Paderborn 07,34,2026-05-17,89,,Sven Michel,assisted,right-foot,4.5,55.5,low-centre
2025/26,SV Darmstadt 98,SC Paderborn 07,34,2026-05-17,6,,Stefano Marino,assisted,left-foot,7.1,65,low-right
2025/26,Hertha BSC,Arminia Bielefeld,34,2026-05-17,90,6,Roberts Uldriķis,assisted,right-foot,8.8,55,low-right
2025/26,Hertha BSC,Arminia Bielefeld,34,2026-05-17,90,2,Semir Telalović,corner,head,3.5,49.5,low-centre
2025/26,Hertha BSC,Arminia Bielefeld,34,2026-05-17,74,,Stefano Russo,corner,right-foot,1.2,46.2,low-left
2025/26,Hertha BSC,Arminia Bielefeld,34,2026-05-17,65,,Monju Momuluh,assisted,right-foot,4.5,53.4,low-centre
2025/26,Hertha BSC,Arminia Bielefeld,34,2026-05-17,59,,Joel Grodowski,set-piece,head,3.5,54.4,low-left
2025/26,Hertha BSC,Arminia Bielefeld,34,2026-05-17,49,,Joel Grodowski,assisted,right-foot,9.7,55.8,high-left
2025/26,DSC Arminia Bielefeld,Hertha BSC,34,2026-05-17,37,,Linus Gechter,set-piece,head,6.9,47.4,low-right
2025/26,Dynamo Dresden,Holstein Kiel,34,2026-05-17,81,,Phil Harres,corner,left-foot,14.2,55.4,high-left
2025/26,Holstein Kiel,SG Dynamo Dresden,34,2026-05-17,36,,Vincent Vermeij,assisted,head,8.5,50.1,low-centre
2025/26,Holstein Kiel,SG Dynamo Dresden,34,2026-05-17,14,,Vincent Vermeij,corner,left-foot,3.6,49.7,low-centre
2025/26,Eintracht Braunschweig,FC Schalke 04,34,2026-05-17,36,,Adil Aouchiche,regular,right-foot,3,45.2,low-left
2025/26,SpVgg Greuther Fürth,Rot-Weiss Essen,29,2026-05-22,62,,Torben Müsel,free-kick,right-foot,22.7,40.1,high-right
2026/27,VfL Bochum,Hertha BSC,1,2026-08-07,39,,Sebastian Grønning,assisted,left-foot,10.9,35.2,low-right
2026/27,1. FC Heidenheim 1846,VfL Osnabrück,1,2026-08-08,90,2,Robin Meißner,penalty,right-foot,11.5,50,low-left
2026/27,VfL Osnabrück,1. FC Heidenheim,1,2026-08-08,89,,Marvin Pieringer,corner,head,4.2,59.1,high-right
2026/27,VfL Osnabrück,1. FC Heidenheim,1,2026-08-08,45,2,Jan Schöppner,corner,head,3.9,52.6,high-centre
2026/27,1. FC Heidenheim 1846,VfL Osnabrück,1,2026-08-08,34,,David Kopacz,assisted,right-foot,19.8,73.8,high-left
2026/27,VfL Osnabrück,1. FC Heidenheim,1,2026-08-08,29,,Marcel Costly,assisted,left-foot,1.4,48.7,low-centre
2026/27,1. FC Heidenheim 1846,VfL Osnabrück,1,2026-08-08,23,,Niklas Wiemann,corner,head,7,46.4,low-right
2026/27,VfL Osnabrück,1. FC Heidenheim,1,2026-08-08,10,,Budu Zivzivadze,assisted,left-foot,8.5,39.1,low-centre
2026/27,Holstein Kiel,Darmstadt 98,1,2026-08-08,86,,Aleksandar Vukotić,corner,head,8.3,49.9,low-left
2026/27,Holstein Kiel,Darmstadt 98,1,2026-08-08,76,,Lee Ho-jae,fast-break,right-foot,14.8,65,low-left
2026/27,SV Darmstadt 98,Holstein Kiel,1,2026-08-08,42,,Phil Harres,assisted,head,5.7,52.6,low-left
2026/27,SV Darmstadt 98,Holstein Kiel,1,2026-08-08,8,,Guillermo Balzi,fast-break,left-foot,15.3,51.9,low-left
2026/27,1. FC Magdeburg,Eintracht Braunschweig,1,2026-08-08,61,,Florian Flick,corner,head,7.4,55.8,high-left
2026/27,1. FC Magdeburg,Eintracht Braunschweig,1,2026-08-08,50,,Samuele Di Benedetto,assisted,left-foot,13.6,38.3,high-left
2026/27,Eintracht Braunschweig,1. FC Magdeburg,1,2026-08-08,49,,Mateusz Żukowski,fast-break,right-foot,7.4,56.2,low-centre
2026/27,1. FC Magdeburg,Eintracht Braunschweig,1,2026-08-08,44,,Mehmet Aydın,penalty,right-foot,11.5,50,low-left
2026/27,1. FC Magdeburg,Eintracht Braunschweig,1,2026-08-08,26,,Jan Urbich,assisted,right-foot,13.3,57.5,low-left
2026/27,1. FC Magdeburg,Eintracht Braunschweig,1,2026-08-08,21,,Jan Urbich,fast-break,right-foot,19.1,59.3,low-left
2026/27,1. FC Magdeburg,Eintracht Braunschweig,1,2026-08-08,15,,Aaron Opoku,fast-break,right-foot,6.6,66.7,low-centre
2026/27,Karlsruher SC,Arminia Bielefeld,1,2026-08-08,80,,Marvin Mehlem,assisted,right-foot,14.2,50.5,low-right
2026/27,DSC Arminia Bielefeld,Karlsruher SC,1,2026-08-08,78,,Moritz Broschinski,corner,head,7.3,45.5,low-left
2026/27,DSC Arminia Bielefeld,Karlsruher SC,1,2026-08-08,35,,Moritz Broschinski,assisted,left-foot,7.3,62.6,low-right
2026/27,FC St. Pauli,SpVgg Greuther Fürth,1,2026-08-09,52,,Felix Klaus,assisted,right-foot,12.5,53.2,low-right
2026/27,SpVgg Greuther Fürth,FC St. Pauli,1,2026-08-09,46,,Marcus Mathisen,corner,head,6.4,48.7,low-left
2026/27,Dynamo Dresden,1. FC Nürnberg,1,2026-08-09,75,,Mohamed Ali Zoma,set-piece,left-foot,8.7,45.8,low-centre
2026/27,Dynamo Dresden,1. FC Nürnberg,1,2026-08-09,45,3,Mohamed Ali Zoma,set-piece,left-foot,7.7,55.6,low-right
2026/27,Dynamo Dresden,1. FC Nürnberg,1,2026-08-09,9,,Mohamed Ali Zoma,assisted,right-foot,14,28.8,low-centre
2026/27,Hannover 96,Energie Cottbus,1,2026-08-09,76,,Justin Butler,corner,right-foot,9.1,70.3,low-left
2026/27,Hannover 96,Energie Cottbus,1,2026-08-09,71,,Tolcay Ciğerci,penalty,left-foot,11.5,50,low-centre
2026/27,Energie Cottbus,Hannover 96,1,2026-08-09,28,,Maurice Neubauer,regular,left-foot,14.5,62.4,low-right
2026/27,Hannover 96,Energie Cottbus,1,2026-08-09,14,,Tolcay Ciğerci,free-kick,left-foot,26.2,54.9,low-centre
2026/27,FC St. Pauli,Holstein Kiel,2,2026-08-14,88,,Jonas Therkelsen,assisted,right-foot,5.2,47.4,low-left
2026/27,FC St. Pauli,Holstein Kiel,2,2026-08-14,56,,Phil Harres,throw-in-set-piece,head,5.1,49.9,low-right
2026/27,Holstein Kiel,FC St. Pauli,2,2026-08-14,45,3,Taichi Hara,assisted,right-foot,9.4,51.7,low-centre
2026/27,Holstein Kiel,FC St. Pauli,2,2026-08-14,32,,Martijn Kaars,fast-break,right-foot,12.2,35.8,low-left
2026/27,Eintracht Braunschweig,VfL Bochum 1848,2,2026-08-14,18,,Philipp Hofmann,set-piece,left-foot,10.2,35,low-right
2026/27,1. FC Heidenheim 1846,Hertha BSC,2,2026-08-15,90,,Oluwaseun Adewumi,fast-break,right-foot,10,66.2,low-left
2026/27,Hertha BSC,1. FC Heidenheim,2,2026-08-15,49,,Jan Schöppner,set-piece,right-foot,8,56.2,low-centre
2026/27,1. FC Heidenheim 1846,Hertha BSC,2,2026-08-15,35,,Deyovaisio Zeefuik,assisted,right-foot,18.4,52.4,low-centre
2026/27,1. FC Heidenheim 1846,Hertha BSC,2,2026-08-15,26,,Marten Winkler,regular,left-foot,26.6,47.9,low-right
2026/27,1. FC Heidenheim 1846,Hertha BSC,2,2026-08-15,2,,Sebastian Grønning,set-piece,head,8,46,low-left
2026/27,VfL Osnabrück,1. FC Magdeburg,2,2026-08-15,69,,Emmanuel Iyoha,fast-break,left-foot,12.3,64.5,low-left
2026/27,VfL Osnabrück,1. FC Magdeburg,2,2026-08-15,35,,Alexander Nollenberger,assisted,right-foot,9.9,38.7,high-right
2026/27,VfL Osnabrück,1. FC Magdeburg,2,2026-08-15,24,,Alexander Nollenberger,throw-in-set-piece,right-foot,10.4,25,high-right
2026/27,SpVgg Greuther Fürth,1. FC Nürnberg,2,2026-08-15,74,,Piet Scobel,corner,right-foot,8.5,40.1,low-left
2026/27,SpVgg Greuther Fürth,1. FC Nürnberg,2,2026-08-15,54,,Julian Justvan,assisted,left-foot,19.8,49.4,low-left
2026/27,SpVgg Greuther Fürth,1. FC Nürnberg,2,2026-08-15,45,3,Julian Justvan,assisted,left-foot,13.3,54,low-right
2026/27,1. FC Nürnberg,SpVgg Greuther Fürth,2,2026-08-15,41,,Felix Klaus,fast-break,left-foot,11.3,45.2,low-right
2026/27,SpVgg Greuther Fürth,1. FC Nürnberg,2,2026-08-15,26,,Piet Scobel,assisted,head,4.9,42.5,low-centre
2026/27,1. FC Nürnberg,SpVgg Greuther Fürth,2,2026-08-15,22,,Felix Klaus,penalty,right-foot,11.5,50,low-right
2026/27,Hannover 96,VfL Wolfsburg,2,2026-08-16,87,,Fabian Reese,penalty,right-foot,11.5,50,low-right
2026/27,SV Darmstadt 98,SG Dynamo Dresden,2,2026-08-16,12,,Jonas Sterner,assisted,right-foot,12.8,55.8,low-right
2026/27,Energie Cottbus,Arminia Bielefeld,2,2026-08-16,76,,Joel Grodowski,penalty,right-foot,11.5,50,high-left
2026/27,Energie Cottbus,Arminia Bielefeld,2,2026-08-16,37,,Joel Grodowski,fast-break,right-foot,14.7,59.3,high-left
2026/27,Energie Cottbus,Arminia Bielefeld,2,2026-08-16,26,,Joel Grodowski,fast-break,right-foot,4.8,46.2,low-left
2026/27,Hertha BSC,Eintracht Braunschweig,3,2026-08-28,88,,Jan Urbich,regular,left-foot,4.6,43.2,low-left
2026/27,Eintracht Braunschweig,Hertha BSC,3,2026-08-28,87,,Oluwaseun Adewumi,fast-break,left-foot,7.7,43.8,low-left
2026/27,Eintracht Braunschweig,Hertha BSC,3,2026-08-28,69,,Josip Brekalo,penalty,right-foot,11.5,50,low-left
2026/27,Eintracht Braunschweig,Hertha BSC,3,2026-08-28,53,,Kevin Ehlers,regular,left-foot,8.9,52.6,low-right
2026/27,Eintracht Braunschweig,Hertha BSC,3,2026-08-28,45,4,Josip Brekalo,fast-break,right-foot,33.7,52.4,low-right
2026/27,Eintracht Braunschweig,Hertha BSC,3,2026-08-28,44,,Jón Dagur Þórsteinsson,fast-break,right-foot,4.9,65.2,high-right
2026/27,Hertha BSC,Eintracht Braunschweig,3,2026-08-28,33,,Kevin Ehlers,corner,head,5.8,52.3,low-right
2026/27,Hertha BSC,Eintracht Braunschweig,3,2026-08-28,10,,Yann Sturm,regular,right-foot,19.1,50.5,high-left
2026/27,VfL Bochum,VfL Osnabrück,3,2026-08-28,4,,Ismail Badjie,fast-break,right-foot,17.8,36.8,low-right
2026/27,1. FC Heidenheim 1846,SG Dynamo Dresden,3,2026-08-29,90,7,Jonas Sterner,corner,right-foot,17.3,25.8,low-centre
2026/27,Dynamo Dresden,1. FC Heidenheim,3,2026-08-29,90,1,Maximilian Breunig,fast-break,left-foot,5.1,56.4,high-centre
2026/27,Dynamo Dresden,1. FC Heidenheim,3,2026-08-29,89,,Julian Niehues,corner,head,4.7,57.6,high-right
2026/27,Dynamo Dresden,1. FC Heidenheim,3,2026-08-29,87,,Oualid Mhamdi,regular,right-foot,14.2,67.3,low-right
2026/27,Dynamo Dresden,1. FC Heidenheim,3,2026-08-29,77,,Friedrich Müller,regular,right-foot,22.3,50.4,low-left
2026/27,1. FC Heidenheim 1846,SG Dynamo Dresden,3,2026-08-29,73,,Robert Wagner,assisted,left-foot,10.4,49.3,high-left
2026/27,Dynamo Dresden,1. FC Heidenheim,3,2026-08-29,67,,Jan Schöppner,corner,head,4.3,50.5,low-left
2026/27,1. FC Heidenheim 1846,SG Dynamo Dresden,3,2026-08-29,30,,Vincent Vermeij,corner,head,3.6,46.1,low-centre
2026/27,Karlsruher SC,VfL Wolfsburg,3,2026-08-29,90,5,Fabian Reese,assisted,right-foot,4.9,51.3,low-centre
2026/27,Karlsruher SC,VfL Wolfsburg,3,2026-08-29,88,,Hauke Wahl,corner,head,2.3,48.4,low-left
2026/27,Karlsruher SC,VfL Wolfsburg,3,2026-08-29,45,2,Vinícius Souza,assisted,right-foot,25.3,31.3,high-centre
2026/27,Karlsruher SC,VfL Wolfsburg,3,2026-08-29,28,,Fabian Reese,assisted,right-foot,24.3,38.9,high-centre
2026/27,VfL Wolfsburg,Karlsruher SC,3,2026-08-29,12,,Marvin Wanitzek,assisted,right-foot,18.8,54,high-left
2026/27,Karlsruher SC,VfL Wolfsburg,3,2026-08-29,10,,Alexander Bernhardsson,regular,head,7.9,53.4,low-centre
2026/27,VfL Wolfsburg,Karlsruher SC,3,2026-08-29,7,,Shio Fukuda ,corner,head,7.9,58.5,low-left
2026/27,SpVgg Greuther Fürth,Energie Cottbus,3,2026-08-29,90,4,Dmytro Bogdanov,assisted,head,8.8,54.6,low-right
2026/27,Energie Cottbus,SpVgg Greuther Fürth,3,2026-08-29,80,,Felix Klaus,assisted,right-foot,4.9,53,low-right
2026/27,Energie Cottbus,SpVgg Greuther Fürth,3,2026-08-29,72,,Ole Pohlmann,regular,right-foot,8.4,58.7,high-centre
2026/27,SpVgg Greuther Fürth,Energie Cottbus,3,2026-08-29,70,,Tolcay Ciğerci,assisted,head,7,55.9,high-left
2026/27,Energie Cottbus,SpVgg Greuther Fürth,3,2026-08-29,46,,Fousseny Doumbia,regular,left-foot,3.9,58.1,low-right
2026/27,Energie Cottbus,SpVgg Greuther Fürth,3,2026-08-29,45,3,Felix Klaus,penalty,right-foot,11.5,50,low-right
2026/27,SpVgg Greuther Fürth,Energie Cottbus,3,2026-08-29,6,,Lucas Copado,set-piece,right-foot,8.3,47.9,low-left
2026/27,1. FC Nürnberg,Arminia Bielefeld,3,2026-08-29,76,,Marius Wörl,regular,left-foot,42.1,63.2,high-centre
2026/27,DSC Arminia Bielefeld,1. FC Nürnberg,3,2026-08-29,67,,Adam Markhiev,regular,right-foot,18.5,54.2,low-centre
2026/27,DSC Arminia Bielefeld,1. FC Nürnberg,3,2026-08-29,38,,Adam Markhiev,assisted,right-foot,27.9,38.9,low-centre
2026/27,DSC Arminia Bielefeld,1. FC Nürnberg,3,2026-08-29,22,,Tim Janisch,assisted,right-foot,9.1,59.5,low-left
2026/27,DSC Arminia Bielefeld,1. FC Nürnberg,3,2026-08-29,11,,Mohamed Ali Zoma,regular,right-foot,9.9,37.4,low-left
2026/27,1. FC Kaiserslautern,FC St. Pauli,3,2026-08-30,56,,Abdoulie Ceesay,assisted,left-foot,3.5,50.3,low-centre
2026/27,FC St. Pauli,1. FC Kaiserslautern,3,2026-08-30,46,,Thierry Fidjeu-Tazemeta,regular,left-foot,4.5,69.3,low-right
2026/27,FC St. Pauli,1. FC Kaiserslautern,3,2026-08-30,29,,Erencan Yardımcı,assisted,right-foot,6.9,57.9,low-centre
2026/27,SV Darmstadt 98,Hannover 96,3,2026-08-30,57,,Lars Timo Gindorf,penalty,right-foot,11.5,50,low-left
2026/27,Holstein Kiel,1. FC Magdeburg,3,2026-08-30,81,,Luka Hyryläinen,corner,head,4.3,53.3,low-right
2026/27,Holstein Kiel,1. FC Magdeburg,3,2026-08-30,72,,Mateusz Żukowski,assisted,right-foot,8.4,63.4,low-centre
2026/27,Hannover 96,Karlsruher SC,4,2026-09-04,85,,Rafael Pinto Pedrosa,assisted,right-foot,7.7,59.3,high-centre
2026/27,Karlsruher SC,Hannover 96,4,2026-09-04,38,,Marcel Hartel,assisted,left-foot,8.8,37.8,low-left
2026/27,Hannover 96,Karlsruher SC,4,2026-09-04,28,,Shio Fukuda ,regular,right-foot,8.6,41.3,low-centre
2026/27,Karlsruher SC,Hannover 96,4,2026-09-04,26,,Lars Timo Gindorf,corner,left-foot,1.4,49.9,low-centre
2026/27,DSC Arminia Bielefeld,FC St. Pauli,4,2026-09-04,65,,Abdoulie Ceesay,assisted,right-foot,4.6,54,low-centre
2026/27,FC St. Pauli,Arminia Bielefeld,4,2026-09-04,51,,Joel Grodowski,set-piece,right-foot,14.1,43.3,high-right
2026/27,DSC Arminia Bielefeld,FC St. Pauli,4,2026-09-04,20,,Taichi Hara,assisted,right-foot,8.6,63.7,low-left
2026/27,FC St. Pauli,Arminia Bielefeld,4,2026-09-04,13,,Jannik Rochelt,assisted,left-foot,11.4,43.8,low-centre
2026/27,SV Darmstadt 98,1. FC Kaiserslautern,4,2026-09-05,90,5,Mergim Berisha,assisted,head,3.1,53.6,low-left
2026/27,SV Darmstadt 98,1. FC Kaiserslautern,4,2026-09-05,64,,Thierry Fidjeu-Tazemeta,throw-in-set-piece,right-foot,11.7,53.2,low-centre
2026/27,SV Darmstadt 98,1. FC Kaiserslautern,4,2026-09-05,43,,Mario Sauer,assisted,right-foot,1.9,54.5,low-right
2026/27,VfL Wolfsburg,Energie Cottbus,4,2026-09-05,90,1,Dmytro Bogdanov,assisted,right-foot,3.1,52.4,low-right
2026/27,Energie Cottbus,VfL Wolfsburg,4,2026-09-05,79,,Mattias Svanberg,assisted,left-foot,21.5,42.8,low-right
2026/27,VfL Wolfsburg,Energie Cottbus,4,2026-09-05,67,,Tolcay Ciğerci,penalty,left-foot,11.5,50,low-left
2026/27,VfL Wolfsburg,Energie Cottbus,4,2026-09-05,49,,King Manu,corner,left-foot,10.2,70.9,low-right
2026/27,VfL Wolfsburg,Energie Cottbus,4,2026-09-05,45,4,Luca Erlein,throw-in-set-piece,right-foot,8.9,68.5,high-right
2026/27,Energie Cottbus,VfL Wolfsburg,4,2026-09-05,34,,Robert Glatzel,assisted,right-foot,7.6,57.5,high-left
2026/27,Energie Cottbus,VfL Wolfsburg,4,2026-09-05,25,,Vinícius Souza,fast-break,right-foot,11.4,64.8,low-left
2026/27,Energie Cottbus,VfL Wolfsburg,4,2026-09-05,4,,Robert Glatzel,penalty,right-foot,11.4,50,high-right
2026/27,Holstein Kiel,1. FC Nürnberg,4,2026-09-05,56,,Piet Scobel,assisted,left-foot,12.5,40.3,low-centre
2026/27,1. FC Nürnberg,Holstein Kiel,4,2026-09-05,50,,Adrián Kaprálik,assisted,left-foot,13.9,64.3,low-right
2026/27,1. FC Nürnberg,Holstein Kiel,4,2026-09-05,45,1,Phil Harres,set-piece,head,11,49.3,low-right
2026/27,Holstein Kiel,1. FC Nürnberg,4,2026-09-05,41,,Adam Markhiev,assisted,right-foot,24.7,54.2,high-centre
2026/27,VfL Bochum,SG Dynamo Dresden,4,2026-09-05,41,,Ben Bobzien,assisted,left-foot,13,39.7,low-right
2026/27,Dynamo Dresden,VfL Bochum 1848,4,2026-09-05,25,,Koji Miyoshi,assisted,left-foot,16.6,55.3,low-right
2026/27,Dynamo Dresden,VfL Bochum 1848,4,2026-09-05,4,,Koji Miyoshi,assisted,left-foot,12.5,46,low-centre
2026/27,1. FC Magdeburg,Hertha BSC,4,2026-09-06,47,,Oluwaseun Adewumi,assisted,right-foot,7,41.1,low-left
2026/27,Hertha BSC,1. FC Magdeburg,4,2026-09-06,31,,Falko Michel,corner,head,8.5,53.2,low-right
2026/27,1. FC Magdeburg,Hertha BSC,4,2026-09-06,10,,Josip Brekalo,assisted,left-foot,8,34.4,low-right
2026/27,SpVgg Greuther Fürth,1. FC Heidenheim,4,2026-09-06,12,,Budu Zivzivadze,corner,head,6.7,53,low-right
2026/27,VfL Osnabrück,Eintracht Braunschweig,4,2026-09-06,88,,Yann Sturm,assisted,left-foot,10.4,33.1,low-right
2026/27,Eintracht Braunschweig,VfL Osnabrück,4,2026-09-06,80,,Robin Meißner,regular,right-foot,4.2,54.8,low-right
2026/27,Eintracht Braunschweig,VfL Osnabrück,4,2026-09-06,76,,Bjarke Jacobsen,corner,head,4.1,54.6,high-right
2026/27,Eintracht Braunschweig,VfL Osnabrück,4,2026-09-06,52,,Daniel-Kofi Kyereh,corner,right-foot,0.8,50.4,high-centre
2026/27,DSC Arminia Bielefeld,Darmstadt 98,5,2026-09-11,86,,Milan Smit,penalty,right-foot,11.5,50,low-right
2026/27,SV Darmstadt 98,Arminia Bielefeld,5,2026-09-11,59,,Marius Wörl,set-piece,right-foot,24.8,43.6,low-left
2026/27,DSC Arminia Bielefeld,Darmstadt 98,5,2026-09-11,3,,Lee Ho-jae,assisted,right-foot,7.9,45.2,low-centre
2026/27,Hannover 96,1. FC Nürnberg,5,2026-09-11,65,,Mohamed Ali Zoma,regular,right-foot,2.3,59.7,low-right
2026/27,1. FC Nürnberg,Hannover 96,5,2026-09-11,8,,Lars Timo Gindorf,penalty,right-foot,11.5,50,high-left
2026/27,Hannover 96,1. FC Nürnberg,5,2026-09-11,5,,Julian Justvan,regular,left-foot,14.5,56.3,low-right
2026/27,VfL Bochum,SpVgg Greuther Fürth,5,2026-09-12,71,,Omar Sillah,assisted,right-foot,12.2,57.3,low-right
2026/27,SpVgg Greuther Fürth,VfL Bochum 1848,5,2026-09-12,16,,Philipp Hofmann,corner,head,3.5,53.2,low-left
2026/27,1. FC Kaiserslautern,1. FC Magdeburg,5,2026-09-12,53,,Emmanuel Iyoha,fast-break,right-foot,12,66.9,low-left
2026/27,1. FC Kaiserslautern,1. FC Magdeburg,5,2026-09-12,16,,Alexander Nollenberger,throw-in-set-piece,right-foot,17.9,46.4,low-left
2026/27,1. FC Kaiserslautern,1. FC Magdeburg,5,2026-09-12,12,,Emmanuel Iyoha,regular,right-foot,6.6,63.4,low-centre
2026/27,Eintracht Braunschweig,SG Dynamo Dresden,5,2026-09-12,72,,Thomas Keller,corner,head,5.1,51,high-centre
2026/27,Dynamo Dresden,Eintracht Braunschweig,5,2026-09-12,68,,Mehmet Aydın,penalty,right-foot,11.5,50,low-right
2026/27,Dynamo Dresden,Eintracht Braunschweig,5,2026-09-12,5,,Maximilian Entrup,assisted,right-foot,9,54,low-left
2026/27,Eintracht Braunschweig,SG Dynamo Dresden,5,2026-09-12,3,,Nicolai Rapp,corner,left-foot,8.1,57.3,low-right
2026/27,VfL Wolfsburg,FC St. Pauli,5,2026-09-12,88,,Joel Chima Fujita,regular,right-foot,20.4,45,low-centre
2026/27,Holstein Kiel,1. FC Heidenheim,5,2026-09-13,83,,Jonas Föhrenbach,corner,head,3.3,45.4,low-left
2026/27,Karlsruher SC,Energie Cottbus,5,2026-09-13,62,,Justin Butler,regular,right-foot,16.8,45.5,low-left
2026/27,Karlsruher SC,Energie Cottbus,5,2026-09-13,55,,Dominik Pelivan,assisted,left-foot,14.6,52.8,low-left
2026/27,Karlsruher SC,Energie Cottbus,5,2026-09-13,45,2,Lukas Michelbrink,fast-break,left-foot,12.5,39.5,low-left
2026/27,VfL Osnabrück,Hertha BSC,5,2026-09-13,90,2,Farid Alfa-Ruprecht,fast-break,right-foot,12.5,61.7,low-left
2026/27,Hertha BSC,VfL Osnabrück,5,2026-09-13,82,,Jonathan Gómez,assisted,left-foot,11.1,19.5,low-right
2026/27,VfL Osnabrück,Hertha BSC,5,2026-09-13,70,,Kevin Sessa,corner,right-foot,9.4,50.3,low-left
2026/27,VfL Osnabrück,Hertha BSC,5,2026-09-13,50,,Josip Brekalo,set-piece,right-foot,25.7,44.6,low-left
2026/27,SV Darmstadt 98,VfL Wolfsburg,6,2026-09-18,79,,Robert Glatzel,assisted,head,7.7,54.6,low-right
2026/27,SV Darmstadt 98,VfL Wolfsburg,6,2026-09-18,67,,Muhammed Damar,assisted,right-foot,14.5,62,high-right
2026/27,SV Darmstadt 98,VfL Wolfsburg,6,2026-09-18,61,,Alexander Bernhardsson,assisted,right-foot,4.3,59.5,low-centre
2026/27,SV Darmstadt 98,VfL Wolfsburg,6,2026-09-18,40,,Robert Glatzel,assisted,head,6.3,47,low-left
2026/27,VfL Wolfsburg,Darmstadt 98,6,2026-09-18,29,,Milan Smit,assisted,right-foot,11.4,52.8,high-left
2026/27,SV Darmstadt 98,VfL Wolfsburg,6,2026-09-18,14,,Alexander Bernhardsson,assisted,right-foot,14.4,36.8,low-centre
2026/27,1. FC Magdeburg,SpVgg Greuther Fürth,6,2026-09-18,20,,Omar Sillah,assisted,right-foot,8.6,47,low-right
2026/27,SpVgg Greuther Fürth,1. FC Magdeburg,6,2026-09-18,5,,Emmanuel Iyoha,assisted,left-foot,10.7,66,low-right
2026/27,Karlsruher SC,1. FC Nürnberg,6,2026-09-19,30,,Mohamed Ali Zoma,assisted,right-foot,11.7,40.9,high-right
2026/27,Eintracht Braunschweig,1. FC Kaiserslautern,6,2026-09-19,73,,Erencan Yardımcı,fast-break,right-foot,9.1,66.4,low-left
2026/27,Holstein Kiel,VfL Osnabrück,6,2026-09-19,72,,Hiroki Sekine,fast-break,right-foot,9.4,34,low-centre
2026/27,VfL Osnabrück,Holstein Kiel,6,2026-09-19,45,2,Phil Harres,penalty,right-foot,11.5,50,low-right
2026/27,Dynamo Dresden,Hertha BSC,6,2026-09-19,80,,Jón Dagur Þórsteinsson,assisted,right-foot,21.5,57.5,low-right
2026/27,Dynamo Dresden,Hertha BSC,6,2026-09-19,29,,Jón Dagur Þórsteinsson,assisted,right-foot,20.2,44.9,low-left
2026/27,Hertha BSC,SG Dynamo Dresden,6,2026-09-19,10,,Patrice Čović,fast-break,left-foot,14.8,54,low-right
2026/27,Hannover 96,VfL Bochum 1848,6,2026-09-20,77,,Tom Meyer,corner,head,3.2,49.9,low-left
2026/27,VfL Bochum,Hannover 96,6,2026-09-20,43,,Marcel Hartel,assisted,right-foot,16.3,49.3,low-left
2026/27,VfL Bochum,Hannover 96,6,2026-09-20,24,,Stefán Teitur Þórðarson,corner,right-foot,2,47.2,low-left
2026/27,1. FC Heidenheim 1846,Arminia Bielefeld,6,2026-09-20,55,,Julian Niehues,regular,other,18.2,61.5,low-right
2026/27,DSC Arminia Bielefeld,1. FC Heidenheim,6,2026-09-20,45,3,Paul Hennrich,corner,left-foot,18.9,68.7,high-left
2026/27,DSC Arminia Bielefeld,1. FC Heidenheim,6,2026-09-20,30,,Budu Zivzivadze,penalty,left-foot,11.5,50,low-left
2026/27,1. FC Heidenheim 1846,Arminia Bielefeld,6,2026-09-20,13,,Joel Grodowski,corner,left-foot,11.4,44.5,high-left
2026/27,Energie Cottbus,FC St. Pauli,6,2026-09-20,80,,Martijn Kaars,regular,head,4.5,46.6,low-left
2026/27,FC St. Pauli,Energie Cottbus,6,2026-09-20,37,,Justin Butler,assisted,right-foot,20.9,52.1,low-left